"Unemployment in per cent of the labour force (provisional) by sex, age, region and time",,,,,,,,,,,,,,,,
Units: Per cent,,,,,,,,,,,,,,,,
,,,2019M01,2019M02,2019M03,2019M04,2019M05,2019M06,2019M07,2019M08,2019M09,2019M10,2019M11,2019M12,,
Total,"Age, total",All Denmark,3.9,3.9,3.8,3.4,3.4,3.4,3.4,3.5,3.4,3.5,3.6,3.7,,3.58
,,Region Hovedstaden,3.9,3.9,3.8,3.5,3.5,3.6,3.5,3.7,3.6,3.6,3.6,3.7,,3.66
,,Province Byen København,4.2,4.3,4.2,3.9,3.9,4.1,4.2,4.3,4.1,4.1,4.1,4.1,,4.13
,,Copenhagen,4.4,4.4,4.4,4,4.1,4.2,4.4,4.5,4.3,4.3,4.3,4.2,,4.29
,,Frederiksberg,3.9,3.8,3.7,3.4,3.4,3.7,3.8,3.9,3.7,3.7,3.6,3.6,,3.68
,,Dragør,2.7,2.6,2.6,2.4,2.7,2.7,2.4,2.5,2.4,2.5,2.5,2.6,,2.55
,,Tårnby,3.4,3.3,3.3,3,3,3,2.9,2.9,2.9,2.9,3,3,,3.05
,,Province Københavns omegn,3.9,3.9,3.9,3.5,3.6,3.7,3.3,3.5,3.6,3.6,3.6,3.6,,3.64
,,Albertslund,5.4,5.4,5.1,4.8,4.9,5,4.2,4.6,4.8,4.8,4.7,4.7,,4.87
,,Ballerup,3.5,3.5,3.5,3.2,3.3,3.3,2.9,3.2,3.3,3.2,3.3,3.3,,3.29
,,Brøndby,5.9,6,6.1,5.5,5.5,5.5,4.9,5.4,5.5,5.5,5.6,5.8,,5.60
,,Gentofte,3,3,3,2.7,2.8,2.9,2.7,2.8,2.8,2.8,2.8,2.8,,2.84
,,Gladsaxe,3.5,3.6,3.5,3.2,3.3,3.2,2.9,3,3.1,3.1,3,3.1,,3.21
,,Glostrup,4,3.9,3.9,3.6,3.7,3.7,3.5,3.6,3.7,3.8,3.7,3.7,,3.73
,,Herlev,3.2,3.2,3.2,2.9,3,2.9,2.5,2.6,2.6,2.6,2.6,2.7,,2.83
,,Hvidovre,3.5,3.5,3.4,3.2,3.3,3.4,3.3,3.4,3.4,3.3,3.3,3.4,,3.37
,,Høje-Taastrup,4.5,4.6,4.5,4.2,4.2,4.3,3.7,4,4.1,4.2,4.4,4.4,,4.26
,,Ishøj,6.2,6.3,6.2,5.7,5.6,5.7,4.8,5.4,5.5,5.5,5.5,5.7,,5.68
,,Lyngby-Taarbæk,2.8,2.8,2.8,2.5,2.5,2.5,2.5,2.7,2.6,2.6,2.6,2.6,,2.63
,,Rødovre,4.4,4.5,4.4,4.1,4.2,4.3,4,4.1,4.2,4.1,4.3,4.1,,4.23
,,Vallensbæk,3.4,3.4,3.4,2.9,3.2,3.2,2.7,3,3.1,3.1,3.2,3.2,,3.15
,,Province Nordsjælland,2.9,2.9,2.9,2.6,2.7,2.7,2.4,2.6,2.6,2.6,2.6,2.8,,2.69
,,Allerød,1.9,2,2.1,1.9,1.9,1.9,1.8,1.9,2,2.1,2.1,2.2,,1.98
,,Egedal,2.7,2.8,2.7,2.5,2.6,2.6,2.4,2.4,2.4,2.5,2.5,2.6,,2.56
,,Fredensborg,3.1,3.1,3,2.6,2.6,2.6,2.4,2.8,2.7,2.6,2.4,2.7,,2.72
,,Frederikssund,2.9,2.9,2.9,2.6,2.6,2.7,2.4,2.6,2.6,2.6,2.7,2.9,,2.70
,,Furesø,2.6,2.6,2.6,2.4,2.5,2.4,2.1,2.2,2.3,2.4,2.4,2.5,,2.42
,,Gribskov,2.8,2.9,2.8,2.5,2.5,2.5,2.2,2.4,2.4,2.4,2.7,2.8,,2.58
,,Halsnæs,3.7,3.5,3.4,3.2,3.1,3,2.8,2.9,2.9,3,3,3.2,,3.14
,,Helsingør,3.9,3.9,3.8,3.6,3.7,3.6,3.3,3.5,3.5,3.5,3.5,3.7,,3.63
,,Hillerød,2.7,2.8,2.6,2.4,2.5,2.5,2.3,2.3,2.3,2.3,2.2,2.4,,2.44
,,Hørsholm,2.8,2.7,2.6,2.4,2.4,2.5,2.2,2.5,2.3,2.3,2.3,2.4,,2.45
,,Rudersdal,2.5,2.5,2.5,2.4,2.4,2.4,2.3,2.5,2.5,2.6,2.5,2.6,,2.48
,,Province Bornholm,5.8,5.4,4.9,3.5,2.8,2.5,2.4,2.5,2.9,3.6,4.5,4.9,,3.81
,,Bornholm,5.8,5.4,4.9,3.5,2.8,2.5,2.4,2.5,2.9,3.6,4.5,4.9,,3.81
,,Region Sjælland,3.9,3.9,3.7,3.4,3.3,3.3,3.1,3.2,3.2,3.3,3.4,3.5,,3.43
,,Province Østsjælland,3,3,2.9,2.7,2.8,2.8,2.6,2.7,2.7,2.8,2.9,2.9,,2.82
,,Greve,2.8,2.9,2.9,2.8,2.9,2.9,2.6,2.6,2.8,2.8,2.9,2.9,,2.82
,,Køge,3.4,3.4,3.3,3,3,3,2.8,2.9,2.9,3.1,3.1,3.3,,3.10
,,Lejre,2.5,2.4,2.4,2.3,2.3,2.4,2.3,2.5,2.5,2.5,2.5,2.6,,2.43
,,Roskilde,3.1,3.1,3.1,2.9,2.9,2.9,2.8,2.9,2.8,2.9,2.9,2.8,,2.93
,,Solrød,2.2,2.2,2.2,2.1,2,1.9,1.9,2.1,2.2,2.4,2.5,2.6,,2.19
,,Province Vest- og Sydsjælland,4.3,4.3,4.1,3.7,3.6,3.6,3.3,3.4,3.4,3.5,3.6,3.8,,3.72
,,Faxe,4,4,3.7,3.3,3.3,3.1,2.9,3.2,3.2,3.4,3.3,3.4,,3.40
,,Guldborgsund,4.9,4.9,4.8,4.2,4.1,4,3.7,3.8,3.9,4,4.1,4.3,,4.23
,,Holbæk,3.3,3.4,3.2,2.9,3,2.9,2.6,2.7,2.7,2.8,2.8,2.9,,2.93
,,Kalundborg,4.1,4.1,3.8,3.4,3.4,3.3,3,3.1,3.2,3.4,3.4,3.6,,3.48
,,Lolland,5.4,5.6,5.3,4.7,4.5,4.3,4,4,4.2,4.5,4.7,5,,4.68
,,Næstved,4.3,4.2,4,3.5,3.5,3.5,3.3,3.4,3.4,3.5,3.5,3.8,,3.66
,,Odsherred,4.8,4.8,4.5,4.1,3.9,4,3.6,3.7,3.5,3.5,3.9,3.9,,4.02
,,Ringsted,3.6,3.6,3.5,3,3.1,3,2.7,3.1,2.9,2.9,3,3.1,,3.13
,,Slagelse,4.5,4.5,4.3,4,3.8,3.8,3.7,3.7,3.7,3.9,3.9,4.2,,4.00
,,Sorø,3.8,3.9,3.9,3.5,3.5,3.3,3,3,3.2,3.2,3.3,3.5,,3.43
,,Stevns,3.7,3.8,3.8,3.4,3.3,3.2,3.1,3.1,3.1,3,3,3.2,,3.31
,,Vordingborg,5.2,5.3,5,4.5,4.3,4.3,3.9,4,3.9,4.1,4.2,4.4,,4.43
,,Region Syddanmark,3.9,3.9,3.7,3.3,3.3,3.3,3.2,3.4,3.4,3.5,3.6,3.7,,3.52
,,Province Fyn,4.4,4.4,4.2,3.8,3.7,3.8,3.8,4,3.9,4,4.1,4.2,,4.03
,,Assens,3.9,3.9,3.8,3.2,3.2,3.1,3,3.3,3.3,3.4,3.5,3.9,,3.46
,,Faaborg-Midtfyn,4.2,4.2,3.9,3.4,3.4,3.2,3,3.2,3.2,3.3,3.6,3.9,,3.54
,,Kerteminde,4.2,4.3,4.2,3.7,3.6,3.4,2.9,3.4,3.3,3.4,3.8,4.1,,3.69
,,Langeland,5.6,5.4,4.9,4,3.5,3.6,3.5,3.8,3.9,4.3,4.8,5.5,,4.40
,,Middelfart,3.1,3.2,3,2.6,2.6,2.6,2.5,2.6,2.6,2.6,2.8,2.8,,2.75
,,Nordfyns,4.6,4.6,4.4,3.7,3.6,3.7,3.6,3.8,3.9,4.1,4.1,4.4,,4.04
,,Nyborg,4.2,4.1,3.9,3.4,3.4,3.3,3,3.4,3.5,3.7,3.8,4.1,,3.65
,,Odense,4.8,4.9,4.6,4.2,4.2,4.5,4.8,4.9,4.6,4.6,4.6,4.5,,4.60
,,Svendborg,4.4,4.3,4.2,3.8,3.8,3.9,3.6,3.9,3.8,3.8,4.1,4.5,,4.01
,,Ærø,5.3,4.6,4.3,3.8,3.4,3.6,2.8,3.3,3.2,3.8,4.7,4.5,,3.94
,,Province Sydjylland,3.6,3.5,3.4,3,3,3,2.8,3,3,3.1,3.3,3.4,,3.18
,,Billund,2.8,2.8,2.6,2.1,2.1,2,1.9,1.9,2.1,2.4,2.7,2.9,,2.36
,,Esbjerg,3.8,3.8,3.5,3.1,3,3,3,3.1,3,3.1,3.2,3.4,,3.25
,,Fanø,5.1,4.9,4,3.5,3.9,3.5,3.4,3.9,3.6,3.6,4.2,4.6,,4.02
,,Fredericia,4.3,4.3,4.4,4,4,4,3.8,3.9,3.9,4.1,4.1,4.3,,4.09
,,Haderslev,3.8,3.8,3.6,3.2,3.3,3.1,3.1,3.1,3.1,3.4,3.5,3.7,,3.39
,,Kolding,3.4,3.6,3.6,3.2,3.2,3.1,3.1,3.3,3.2,3.2,3.3,3.4,,3.30
,,Sønderborg,3.8,3.7,3.5,3.1,3.2,3.3,3.1,3.3,3.3,3.5,3.6,3.7,,3.43
,,Tønder,3.9,3.7,3.5,2.9,3.1,2.8,2.5,2.8,2.9,3,3.4,3.8,,3.19
,,Varde,3.2,3.1,2.7,2.3,2.1,2.1,2,2.2,2.2,2.4,2.6,2.7,,2.47
,,Vejen,2.9,2.9,2.6,2.3,2.4,2.5,2.3,2.4,2.6,2.6,2.6,2.8,,2.58
,,Vejle,3.3,3.2,3.1,2.7,2.8,2.8,2.6,2.8,2.8,3,3.1,3.2,,2.95
,,Aabenraa,3.7,3.6,3.5,3.1,3.1,3.2,2.9,3.1,3.3,3.4,3.5,3.5,,3.33
,,Region Midtjylland,3.6,3.7,3.5,3.1,3.1,3.2,3.2,3.4,3.3,3.3,3.3,3.4,,3.34
,,Province Østjylland,3.8,3.8,3.7,3.3,3.4,3.4,3.6,3.7,3.5,3.5,3.5,3.6,,3.57
,,Favrskov,2.6,2.7,2.6,2.2,2.2,2.3,2.1,2.3,2.2,2.3,2.3,2.5,,2.36
,,Hedensted,2.7,2.7,2.5,2.3,2.3,2.2,2,2.2,2.2,2.3,2.5,2.6,,2.38
,,Horsens,3.4,3.4,3.4,3.1,3.1,3.1,2.9,3.2,3.2,3.4,3.5,3.6,,3.28
,,Norddjurs,5,5,4.7,4.2,4.1,4,3.9,4,3.8,3.8,3.9,4,,4.20
,,Odder,3.2,3.1,3.1,2.6,2.7,2.5,2.4,2.6,2.5,2.6,2.7,2.9,,2.74
,,Randers,4,4.2,4,3.6,3.5,3.5,3.4,3.6,3.5,3.6,3.7,3.8,,3.70
,,Samsø,6.9,7.2,6.2,4.6,4.1,2.8,2.6,2.7,3.3,4.4,5.4,5.5,,4.64
,,Silkeborg,3.3,3.3,3.1,2.7,2.8,2.8,2.7,3,2.9,3,3,3.2,,2.98
,,Skanderborg,2.4,2.3,2.2,2.1,2.1,2.1,2.1,2.2,2.2,2.2,2.3,2.5,,2.23
,,Syddjurs,3.5,3.5,3.4,2.9,3,2.9,2.7,3.1,3.2,3.1,3.1,3.2,,3.13
,,Aarhus,4.4,4.5,4.4,4,4,4.3,4.8,4.8,4.4,4.3,4.2,4.2,,4.36
,,Province Vestjylland,3.2,3.3,3.1,2.8,2.7,2.7,2.5,2.7,2.7,2.8,2.9,3,,2.87
,,Herning,3.5,3.5,3.3,3,3,3.1,2.9,3.1,3,3.1,3.2,3.3,,3.17
,,Holstebro,2.8,2.9,2.8,2.5,2.4,2.3,2.1,2.4,2.4,2.4,2.6,2.8,,2.53
,,Ikast-Brande,3.6,3.6,3.4,3.1,2.9,2.9,2.6,2.9,2.9,3,3.2,3.3,,3.12
,,Lemvig,3.3,3.3,3.1,2.5,2.4,2.2,2.1,2.3,2.4,2.4,2.5,2.9,,2.62
,,Ringkøbing-Skjern,3,2.8,2.7,2.4,2.3,2.2,2,2.3,2.4,2.4,2.6,2.8,,2.49
,,Skive,3,2.9,2.7,2.3,2.2,2.3,2.4,2.4,2.3,2.3,2.4,2.4,,2.47
,,Struer,3.9,4.2,4.2,3.7,3.5,3.4,3.2,3.2,3.3,3.5,3.6,3.6,,3.61
,,Viborg,3.2,3.3,3.2,2.8,2.8,2.8,2.7,3,2.9,3,3,3.1,,2.98
,,Region Nordjylland,4.6,4.6,4.3,3.7,3.7,3.7,3.8,3.9,3.8,3.9,4,4.3,,4.03
,,Province Nordjylland,4.6,4.6,4.3,3.7,3.7,3.7,3.8,3.9,3.8,3.9,4,4.3,,4.03
,,Brønderslev,4.3,4.3,3.9,3.4,3.2,3.2,3,3.3,3.3,3.5,3.6,4,,3.58
,,Frederikshavn,4.9,5.1,4.6,4,3.9,3.5,3.2,3.5,3.6,3.8,4,4.4,,4.04
,,Hjørring,4.6,4.5,4.2,3.6,3.5,3.4,3.3,3.5,3.4,3.6,3.8,4.3,,3.81
,,Jammerbugt,4,3.8,3.4,2.8,2.9,2.8,2.5,2.7,2.8,3.1,3.3,3.7,,3.15
,,Læsø,9.8,9.2,7.5,4.1,3.3,2.7,1.8,2.8,3.4,4.2,6.4,8.3,,5.29
,,Mariagerfjord,4.3,4.4,4.1,3.6,3.6,3.5,3.1,3.2,3.2,3.4,3.6,3.9,,3.66
,,Morsø,3.8,3.8,3.4,2.8,2.6,2.7,2.2,2.5,2.8,2.7,2.9,3.3,,2.96
,,Rebild,3.3,3.4,3.3,2.7,2.7,2.6,2.5,2.9,2.8,2.9,3,3.3,,2.95
,,Thisted,3.7,3.8,3.5,3,2.8,2.7,2.5,2.8,3,3.1,3.3,3.5,,3.14
,,Vesthimmerlands,4.4,4.4,4.1,3.6,3.5,3.5,3.2,3.7,3.7,3.8,3.9,4.1,,3.83
,,Aalborg,5,5.1,4.8,4.3,4.3,4.5,5.1,5.2,4.8,4.8,4.8,4.8,,4.79
,,Unknown municipality,0,0,0,0,0,0,0,0,0,0,0,0,,0.00
,,Abroad,0,0,0,0,0,0,0,0,0,0,0,0,,0.00
,,,,,,,,,,,,,,,,
Gross unemployment has been severely affected by the COVID-19 shutdown from March 2020. ,,,,,,,,,,,,,,,,
,,,,,,,,,,,,,,,,
,,,,,,,,,,,,,,,,
,,All Denmark,2020M01,2020M02,2020M03,2020M04,2020M05,2020M06,2020M07,2020M08,2020M09,2020M10,2020M11,2020M12,,
,,Region Hovedstaden,3.9,3.9,4.2,4.9,5.1,5,4.8,4.6,4.4,4.3,4.3,4.4,,4.48
,,Province Byen København,3.9,3.9,4.2,5,5.3,5.3,5.2,5,4.9,4.8,4.7,4.8,,4.75
,,Copenhagen,4.3,4.3,4.7,5.6,6,6,6.1,5.9,5.6,5.5,5.4,5.4,,5.40
,,Frederiksberg,4.5,4.5,4.9,5.9,6.3,6.3,6.4,6.2,5.8,5.7,5.6,5.6,,5.64
,,Dragør,3.7,3.8,4,4.7,5.1,5.2,5.3,5.2,4.9,4.7,4.7,4.6,,4.66
,,Tårnby,2.5,2.5,2.9,3.5,3.8,3.6,3.6,3.8,3.7,3.6,3.6,3.7,,3.40
,,Province Københavns omegn,3.3,3.2,3.5,4.4,4.6,4.5,4.2,4.2,4.4,4.6,4.6,4.7,,4.18
,,Albertslund,3.8,3.8,4.1,4.9,5.2,5.2,4.9,4.8,4.8,4.8,4.7,4.7,,4.64
,,Ballerup,5,5.1,5.5,6.6,6.9,6.8,6.5,6.1,6,5.9,5.6,5.7,,5.98
,,Brøndby,3.5,3.5,3.8,4.6,4.9,4.8,4.4,4.2,4.2,4.1,4,4,,4.17
,,Gentofte,6,6.1,6.6,7.6,8,7.9,7.7,7.5,7.4,7.4,7.5,7.6,,7.28
,,Gladsaxe,2.9,2.9,3.1,3.6,4,3.9,3.8,3.7,3.8,3.7,3.7,3.8,,3.58
,,Glostrup,3.3,3.2,3.5,4.2,4.4,4.4,4.2,4.2,4.2,4.2,4.1,4,,3.99
,,Herlev,3.6,3.8,4.1,4.9,5.3,5.3,5.1,4.9,5,4.9,4.7,4.6,,4.68
,,Hvidovre,2.9,3,3.2,4,4.1,4.2,4.1,4,3.9,3.8,4,4.1,,3.78
,,Høje-Taastrup,3.6,3.7,3.9,4.7,5,5,4.8,4.6,4.5,4.4,4.4,4.6,,4.43
,,Ishøj,4.6,4.6,5,5.9,6.1,6.2,5.9,5.8,5.9,5.8,5.6,5.7,,5.59
,,Lyngby-Taarbæk,5.9,5.8,6.4,7.5,8,8,7.5,7.2,7.2,7.1,7.2,7.3,,7.09
,,Rødovre,2.7,2.8,2.9,3.3,3.6,3.6,3.4,3.5,3.6,3.5,3.4,3.3,,3.30
,,Vallensbæk,4.4,4.4,4.8,5.7,6.1,6.2,6,5.9,6,5.9,5.6,5.6,,5.55
,,Province Nordsjælland,3.4,3.6,3.9,4.6,4.7,4.6,4.5,4.2,4.4,4.3,4.2,4.2,,4.22
,,Allerød,2.9,2.9,3.1,3.6,3.9,3.8,3.6,3.5,3.5,3.4,3.3,3.4,,3.41
,,Egedal,2.3,2.3,2.6,2.9,3.1,3.2,3,2.9,2.9,2.8,2.6,2.7,,2.78
,,Fredensborg,2.8,2.7,2.7,3.1,3.4,3.4,3.2,3.1,3.2,3.2,3,3.1,,3.08
,,Frederikssund,2.9,2.9,3.2,3.8,3.9,4,3.6,3.7,3.6,3.5,3.5,3.6,,3.52
,,Furesø,3,3,3.2,3.7,4,3.9,3.6,3.4,3.4,3.3,3.2,3.3,,3.42
,,Gribskov,2.7,2.8,3.1,3.5,3.7,3.7,3.4,3.5,3.6,3.4,3.4,3.4,,3.35
,,Halsnæs,2.9,2.9,3.3,3.8,3.9,3.7,3.3,3.3,3.1,3,3,3.1,,3.28
,,Helsingør,3.5,3.5,3.6,4.4,4.6,4.4,4.1,4,3.8,3.8,3.7,4,,3.95
,,Hillerød,3.9,3.9,4.1,4.7,5.1,4.8,4.6,4.4,4.3,4.3,4.3,4.4,,4.40
,,Hørsholm,2.5,2.5,2.7,3.2,3.5,3.5,3.2,3.2,3.1,3.1,3.1,3.2,,3.07
,,Rudersdal,2.5,2.7,2.8,3.2,3.7,3.9,3.6,3.8,3.7,3.6,3.5,3.5,,3.38
,,Province Bornholm,2.5,2.5,2.7,3.1,3.4,3.4,3.2,3.3,3.2,3.1,3,3.1,,3.04
,,Bornholm,5.4,5,5.1,6.5,6.8,5.9,4.6,4.2,4.2,4.6,5.5,6,,5.32
,,Region Sjælland,5.4,5,5.1,6.5,6.8,5.9,4.6,4.2,4.2,4.6,5.5,6,,5.32
,,Province Østsjælland,3.7,3.7,4,4.6,4.9,4.7,4.3,4.1,4,4,3.9,4.1,,4.17
,,Greve,3,3,3.2,3.7,4.1,4,3.8,3.6,3.6,3.6,3.5,3.6,,3.56
,,Køge,3,2.9,3.2,3.8,4.3,4.2,3.9,3.7,3.7,3.7,3.7,3.7,,3.65
,,Lejre,3.4,3.3,3.5,3.9,4.1,4.1,3.8,3.5,3.6,3.6,3.6,3.7,,3.68
,,Roskilde,2.7,2.7,2.9,3.4,3.8,3.9,3.6,3.4,3.6,3.6,3.5,3.5,,3.38
,,Solrød,3,3,3.2,3.7,4,4,3.9,3.8,3.7,3.6,3.5,3.6,,3.58
,,Province Vest- og Sydsjælland,2.7,2.7,2.8,3.4,3.8,3.8,3.6,3.5,3.2,3.1,3.1,3.2,,3.24
,,Faxe,4.1,4.1,4.3,5.1,5.2,5,4.5,4.3,4.2,4.1,4.1,4.3,,4.44
,,Guldborgsund,3.7,3.7,3.9,4.6,5,4.7,4.2,4.1,3.9,3.9,3.9,4,,4.13
,,Holbæk,4.8,4.9,5.1,5.9,6,5.7,5.1,4.6,4.6,4.5,4.4,4.7,,5.03
,,Kalundborg,3.1,3.1,3.3,4,4.1,3.9,3.5,3.6,3.5,3.5,3.4,3.4,,3.53
,,Lolland,4,4,4.1,4.8,4.9,4.5,4.1,3.8,3.9,3.9,3.8,4.2,,4.17
,,Næstved,5.5,5.3,5.7,6.6,6.8,6.2,5.3,5.3,5.2,5.3,5.4,5.5,,5.68
,,Odsherred,4.1,4.2,4.4,5.1,5.2,5,4.5,4.2,4.1,4.1,4.1,4.3,,4.44
,,Ringsted,4.1,4.2,4.2,5,5.3,5,4.4,4.5,4.6,4.5,4.4,4.4,,4.55
,,Slagelse,3.3,3.4,3.6,4.2,4.5,4.3,4.1,3.9,3.9,3.8,3.7,3.8,,3.88
,,Sorø,4.4,4.5,4.7,5.5,5.7,5.5,5.2,4.9,4.7,4.7,4.7,4.9,,4.95
,,Stevns,3.7,3.7,4.3,5.1,5.3,5,4.2,4.1,3.8,3.6,3.6,3.7,,4.18
,,Vordingborg,3.4,3.4,3.8,4.5,4.6,4.5,3.9,3.7,3.7,3.5,3.6,3.8,,3.87
,,Region Syddanmark,4.6,4.6,4.8,5.5,5.8,5.4,4.9,4.6,4.5,4.5,4.5,4.8,,4.88
,,Province Fyn,4,4,4.3,4.9,5.2,4.9,4.5,4.4,4.2,4.1,4.1,4.2,,4.40
,,Assens,4.5,4.5,4.8,5.6,5.8,5.6,5.2,5,4.7,4.6,4.5,4.7,,4.96
,,Faaborg-Midtfyn,4.1,4.1,4.5,5.2,5.3,5.1,4.2,4.2,4,3.8,3.6,4,,4.34
,,Kerteminde,4.2,4.3,4.6,5.3,5.4,4.9,4.4,4.3,4.2,4.1,4.1,4.3,,4.51
,,Langeland,4.3,4.2,4.5,5.4,5.4,5,4.4,4.1,3.9,3.8,4,4,,4.42
,,Middelfart,5.9,5.6,5.9,6.7,6.5,5.9,5.4,5.2,5.3,5.4,5.5,5.6,,5.74
,,Nordfyns,3,2.9,3.2,3.9,4.2,3.7,3.3,3.3,3.3,3.1,3.2,3.3,,3.37
,,Nyborg,4.9,4.8,5,5.7,5.8,5.5,4.7,4.6,4.6,4.7,4.7,4.9,,4.99
,,Odense,4.5,4.4,5,5.6,5.7,5.5,4.8,4.6,4.4,4.3,4.5,4.6,,4.83
,,Svendborg,4.8,4.9,5.2,5.9,6.2,6.2,6.2,5.9,5.4,5.2,5,5.1,,5.50
,,Ærø,4.8,4.5,4.9,5.9,6.1,5.8,5.2,5,4.8,4.7,4.7,4.8,,5.10
,,Province Sydjylland,4.7,4.8,5.1,5.6,4.6,3.8,3.5,3,3.1,3.1,3.8,4.2,,4.11
,,Billund,3.7,3.7,3.9,4.5,4.8,4.5,4.1,4,3.9,3.8,3.7,3.8,,4.03
,,Esbjerg,3.1,3.2,3.2,3.7,4.1,3.8,3.2,3.4,3.5,3.5,3.6,3.9,,3.52
,,Fanø,3.7,3.8,4.1,4.8,4.8,4.6,4.3,4.1,4,3.9,3.8,4,,4.16
,,Fredericia,5.1,4.8,4.9,5.6,6.3,5.5,4.2,4.5,4.8,4.6,5.2,5.2,,5.06
,,Haderslev,4.5,4.4,4.7,5.3,5.7,5.7,5.3,5.1,5,4.8,4.7,4.6,,4.98
,,Kolding,4,4,4.2,4.8,4.9,4.7,4.2,4.1,3.9,3.8,3.7,3.8,,4.18
,,Sønderborg,3.7,3.7,3.9,4.7,5,4.8,4.3,4.3,4.1,4,3.8,3.8,,4.18
,,Tønder,4,4,4.1,4.8,5.1,4.9,4.4,4.4,4.4,4.2,4.1,4.1,,4.38
,,Varde,4.2,4,4.1,4.7,4.8,4.4,3.6,3.4,3.4,3.3,3.6,3.9,,3.95
,,Vejen,3.2,3.1,3.3,3.8,3.9,3.6,3.1,3,3,3,3.1,3.3,,3.28
,,Vejle,3,2.9,3,3.5,4,3.8,3.2,3.1,3.2,2.9,2.9,3,,3.21
,,Aabenraa,3.4,3.3,3.6,4.2,4.6,4.4,4.1,4.1,3.9,3.9,3.7,3.9,,3.93
,,Region Midtjylland,3.7,3.7,3.8,4.5,4.8,4.5,3.9,3.8,3.8,3.7,3.5,3.6,,3.94
,,Province Østjylland,3.7,3.7,3.9,4.6,4.7,4.7,4.5,4.4,4.2,4,3.9,4,,4.19
,,Favrskov,3.8,3.9,4.1,4.8,5,5,5,4.8,4.5,4.4,4.2,4.2,,4.48
,,Hedensted,2.7,2.7,3,3.6,3.8,3.7,3.2,3.2,3.2,3,3,3.1,,3.18
,,Horsens,2.8,2.8,3.1,3.6,3.8,3.6,3,3.1,3,2.8,2.9,3,,3.13
,,Norddjurs,3.7,3.8,4.1,4.8,5.1,4.8,4.4,4.3,4.1,4,3.9,3.9,,4.24
,,Odder,4.3,4.2,4.4,5,5.1,4.7,4.2,4,4.1,4.1,4.1,4.2,,4.37
,,Randers,3.2,3.1,3.2,3.9,4.2,4.2,3.5,3.6,3.6,3.5,3.5,3.6,,3.59
,,Samsø,4.1,4,4.3,5,5.3,5.2,4.8,4.7,4.4,4.3,4.2,4.4,,4.56
,,Silkeborg,5.2,6.1,6,5.7,4.9,4.2,3,2.9,3.4,3.9,5.1,5.6,,4.67
,,Skanderborg,3.3,3.3,3.6,4.1,4.3,4.1,3.9,4,3.8,3.7,3.5,3.6,,3.77
,,Syddjurs,2.5,2.5,2.6,3.2,3.5,3.3,3,3.2,3.2,3.1,2.9,3,,3.00
,,Aarhus,3.4,3.3,3.6,4.3,4.6,4.4,3.9,3.9,3.9,3.7,3.7,4,,3.89
,,Province Vestjylland,4.5,4.6,4.8,5.5,5.8,6,6.6,6.2,5.6,5.4,5.1,5.1,,5.43
,,Herning,3.3,3.2,3.4,4.1,4.1,3.9,3.5,3.5,3.4,3.3,3.3,3.4,,3.53
,,Holstebro,3.5,3.5,3.6,4.2,4.4,4.3,4,4,3.8,3.8,3.6,3.7,,3.87
,,Ikast-Brande,3,3,3.1,3.9,4,3.9,3.4,3.2,3.1,2.9,2.8,2.9,,3.27
,,Lemvig,3.6,3.6,3.7,4.5,4.4,4.2,3.6,3.9,3.9,4,3.8,4,,3.93
,,Ringkøbing-Skjern,3.2,3.3,3.5,4,3.9,3.6,2.7,2.7,2.7,2.7,2.9,3.2,,3.20
,,Skive,3.1,3.1,3.1,3.6,3.6,3.4,3,2.9,2.9,2.8,2.9,2.9,,3.11
,,Struer,2.7,2.7,2.9,3.5,3.6,3.4,3.1,3,2.8,2.6,2.6,2.8,,2.98
,,Viborg,4,3.7,4.1,5,5.2,4.9,3.9,3.7,3.9,4,3.9,4.1,,4.20
,,Region Nordjylland,3.4,3.3,3.5,4.2,4.3,4,3.6,3.7,3.6,3.6,3.5,3.6,,3.69
,,Province Nordjylland,4.7,4.7,5,5.8,5.8,5.5,5.1,4.8,4.6,4.6,4.7,4.9,,5.02
,,Brønderslev,4.7,4.7,5,5.8,5.8,5.5,5.1,4.8,4.6,4.6,4.7,4.9,,5.02
,,Frederikshavn,4.4,4.4,4.7,5.6,5.5,5,4.2,4,4,4,4.2,4.7,,4.56
,,Hjørring,5,4.7,5.2,6.5,6.5,5.5,4.5,4.3,4.4,4.5,5.1,5.5,,5.14
,,Jammerbugt,4.9,4.7,5.1,5.9,5.7,5.3,4.7,4.3,4.2,4.2,4.5,4.8,,4.86
,,Læsø,4.3,4,4.3,5,4.9,4.3,3.7,3.5,3.5,3.5,4.2,4.5,,4.14
,,Mariagerfjord,8.5,7.4,10.1,11.5,12.1,7.2,5.4,3.6,3.6,5.3,7.6,11.1,,7.78
,,Morsø,4.4,4.3,4.5,5.3,5.4,5.1,4.5,4.2,4.1,4.1,4.2,4.4,,4.54
,,Rebild,3.8,3.7,4.1,4.7,4.7,4.3,3.4,3.5,3.3,3,3.2,3.5,,3.77
,,Thisted,3.6,3.7,4,4.5,4.7,4.3,3.8,3.8,3.6,3.6,3.5,3.8,,3.91
,,Vesthimmerlands,3.9,3.8,4.2,4.8,5,4.6,3.7,3.5,3.6,3.5,3.6,3.8,,4.00
,,Aalborg,4.4,4.4,4.9,5.6,5.6,5.2,4.3,4.3,4.2,4.2,4.7,4.9,,4.73
,,Unknown municipality,5.1,5.2,5.5,6.2,6.3,6.3,6.5,6.1,5.7,5.5,5.4,5.4,,5.77
,,Abroad,0,0,0,0,0,0,0,0,0,0,0,0,,0.00
,,,0,0,0,0,0,0,0,0,0,0,0,0,,0.00
