Sex, Macroregions  development regions and counties, Months, MU: Percentage, Valoare
Total, TOTAL, January 2019, Percentage, 3.3
Total, TOTAL, February 2019, Percentage, 3.3
Total, TOTAL, March 2019, Percentage, 3.2
Total, TOTAL, April 2019, Percentage, 3
Total, TOTAL, May 2019, Percentage, 2.9
Total, TOTAL, June 2019, Percentage, 3
Total, TOTAL, July 2019, Percentage, 3
Total, TOTAL, August 2019, Percentage, 3
Total, TOTAL, September 2019, Percentage, 3
Total, TOTAL, October 2019, Percentage, 3
Total, TOTAL, November 2019, Percentage, 3
Total, TOTAL, December 2019, Percentage, 2.9
Total, TOTAL, January 2020, Percentage, 3
Total, TOTAL, February 2020, Percentage, 2.9
Total, TOTAL, March 2020, Percentage, 2.9
Total, TOTAL, April 2020, Percentage, 2.9
Total, TOTAL, May 2020, Percentage, 2.9
Total, TOTAL, June 2020, Percentage, 3
Total, TOTAL, July 2020, Percentage, 3.2
Total, TOTAL, August 2020, Percentage, 3.3
Total, TOTAL, September 2020, Percentage, 3.3
Total, TOTAL, October 2020, Percentage, 3.3
Total, TOTAL, November 2020, Percentage, 3.3
Total, TOTAL, December 2020, Percentage, 3.4
Total, MACROREGION 1, January 2019, Percentage, 2.5
Total, MACROREGION 1, February 2019, Percentage, 2.5
Total, MACROREGION 1, March 2019, Percentage, 2.4
Total, MACROREGION 1, April 2019, Percentage, 2.3
Total, MACROREGION 1, May 2019, Percentage, 2.3
Total, MACROREGION 1, June 2019, Percentage, 2.3
Total, MACROREGION 1, July 2019, Percentage, 2.3
Total, MACROREGION 1, August 2019, Percentage, 2.3
Total, MACROREGION 1, September 2019, Percentage, 2.3
Total, MACROREGION 1, October 2019, Percentage, 2.3
Total, MACROREGION 1, November 2019, Percentage, 2.3
Total, MACROREGION 1, December 2019, Percentage, 2.3
Total, MACROREGION 1, January 2020, Percentage, 2.3
Total, MACROREGION 1, February 2020, Percentage, 2.3
Total, MACROREGION 1, March 2020, Percentage, 2.3
Total, MACROREGION 1, April 2020, Percentage, 2.3
Total, MACROREGION 1, May 2020, Percentage, 2.3
Total, MACROREGION 1, June 2020, Percentage, 2.4
Total, MACROREGION 1, July 2020, Percentage, 2.8
Total, MACROREGION 1, August 2020, Percentage, 2.8
Total, MACROREGION 1, September 2020, Percentage, 2.9
Total, MACROREGION 1, October 2020, Percentage, 2.9
Total, MACROREGION 1, November 2020, Percentage, 2.9
Total, MACROREGION 1, December 2020, Percentage, 2.9
Total, NORTH - WEST, January 2019, Percentage, 2.3
Total, NORTH - WEST, February 2019, Percentage, 2.2
Total, NORTH - WEST, March 2019, Percentage, 2.2
Total, NORTH - WEST, April 2019, Percentage, 2.1
Total, NORTH - WEST, May 2019, Percentage, 2.1
Total, NORTH - WEST, June 2019, Percentage, 2.1
Total, NORTH - WEST, July 2019, Percentage, 2.1
Total, NORTH - WEST, August 2019, Percentage, 2.1
Total, NORTH - WEST, September 2019, Percentage, 2.3
Total, NORTH - WEST, October 2019, Percentage, 2
Total, NORTH - WEST, November 2019, Percentage, 2.1
Total, NORTH - WEST, December 2019, Percentage, 2
Total, NORTH - WEST, January 2020, Percentage, 2.1
Total, NORTH - WEST, February 2020, Percentage, 2
Total, NORTH - WEST, March 2020, Percentage, 2
Total, NORTH - WEST, April 2020, Percentage, 2.1
Total, NORTH - WEST, May 2020, Percentage, 2.1
Total, NORTH - WEST, June 2020, Percentage, 2.2
Total, NORTH - WEST, July 2020, Percentage, 2.5
Total, NORTH - WEST, August 2020, Percentage, 2.6
Total, NORTH - WEST, September 2020, Percentage, 2.6
Total, NORTH - WEST, October 2020, Percentage, 2.6
Total, NORTH - WEST, November 2020, Percentage, 2.6
Total, NORTH - WEST, December 2020, Percentage, 2.6
Total, Bihor, January 2019, Percentage, 1.4
Total, Bihor, February 2019, Percentage, 1.2
Total, Bihor, March 2019, Percentage, 1.2
Total, Bihor, April 2019, Percentage, 1.2
Total, Bihor, May 2019, Percentage, 1.2
Total, Bihor, June 2019, Percentage, 1.3
Total, Bihor, July 2019, Percentage, 1.3
Total, Bihor, August 2019, Percentage, 1.4
Total, Bihor, September 2019, Percentage, 1.3
Total, Bihor, October 2019, Percentage, 1.3
Total, Bihor, November 2019, Percentage, 1.4
Total, Bihor, December 2019, Percentage, 1.4
Total, Bihor, January 2020, Percentage, 1.5
Total, Bihor, February 2020, Percentage, 1.5
Total, Bihor, March 2020, Percentage, 1.6
Total, Bihor, April 2020, Percentage, 1.6
Total, Bihor, May 2020, Percentage, 1.6
Total, Bihor, June 2020, Percentage, 1.6
Total, Bihor, July 2020, Percentage, 2
Total, Bihor, August 2020, Percentage, 2
Total, Bihor, September 2020, Percentage, 2
Total, Bihor, October 2020, Percentage, 2.1
Total, Bihor, November 2020, Percentage, 2.2
Total, Bihor, December 2020, Percentage, 2.3
Total, Bistrita-Nasaud, January 2019, Percentage, 3.2
Total, Bistrita-Nasaud, February 2019, Percentage, 3.1
Total, Bistrita-Nasaud, March 2019, Percentage, 3
Total, Bistrita-Nasaud, April 2019, Percentage, 2.7
Total, Bistrita-Nasaud, May 2019, Percentage, 2.6
Total, Bistrita-Nasaud, June 2019, Percentage, 2.5
Total, Bistrita-Nasaud, July 2019, Percentage, 2.5
Total, Bistrita-Nasaud, August 2019, Percentage, 2.5
Total, Bistrita-Nasaud, September 2019, Percentage, 2.5
Total, Bistrita-Nasaud, October 2019, Percentage, 2.6
Total, Bistrita-Nasaud, November 2019, Percentage, 2.5
Total, Bistrita-Nasaud, December 2019, Percentage, 2.6
Total, Bistrita-Nasaud, January 2020, Percentage, 2.7
Total, Bistrita-Nasaud, February 2020, Percentage, 2.7
Total, Bistrita-Nasaud, March 2020, Percentage, 2.5
Total, Bistrita-Nasaud, April 2020, Percentage, 2.6
Total, Bistrita-Nasaud, May 2020, Percentage, 2.4
Total, Bistrita-Nasaud, June 2020, Percentage, 2.6
Total, Bistrita-Nasaud, July 2020, Percentage, 3
Total, Bistrita-Nasaud, August 2020, Percentage, 3.1
Total, Bistrita-Nasaud, September 2020, Percentage, 3.2
Total, Bistrita-Nasaud, October 2020, Percentage, 3.2
Total, Bistrita-Nasaud, November 2020, Percentage, 3.2
Total, Bistrita-Nasaud, December 2020, Percentage, 3.4
Total, Cluj, January 2019, Percentage, 1.3
Total, Cluj, February 2019, Percentage, 1.3
Total, Cluj, March 2019, Percentage, 1.3
Total, Cluj, April 2019, Percentage, 1.2
Total, Cluj, May 2019, Percentage, 1.3
Total, Cluj, June 2019, Percentage, 1.2
Total, Cluj, July 2019, Percentage, 1.3
Total, Cluj, August 2019, Percentage, 1.3
Total, Cluj, September 2019, Percentage, 1.3
Total, Cluj, October 2019, Percentage, 1.3
Total, Cluj, November 2019, Percentage, 1.3
Total, Cluj, December 2019, Percentage, 1.2
Total, Cluj, January 2020, Percentage, 1.2
Total, Cluj, February 2020, Percentage, 1.2
Total, Cluj, March 2020, Percentage, 1.2
Total, Cluj, April 2020, Percentage, 1.3
Total, Cluj, May 2020, Percentage, 1.3
Total, Cluj, June 2020, Percentage, 1.5
Total, Cluj, July 2020, Percentage, 1.7
Total, Cluj, August 2020, Percentage, 1.8
Total, Cluj, September 2020, Percentage, 1.8
Total, Cluj, October 2020, Percentage, 1.7
Total, Cluj, November 2020, Percentage, 1.6
Total, Cluj, December 2020, Percentage, 1.6
Total, Maramures, January 2019, Percentage, 3.2
Total, Maramures, February 2019, Percentage, 3.2
Total, Maramures, March 2019, Percentage, 3.2
Total, Maramures, April 2019, Percentage, 3.1
Total, Maramures, May 2019, Percentage, 3.1
Total, Maramures, June 2019, Percentage, 3.2
Total, Maramures, July 2019, Percentage, 3.2
Total, Maramures, August 2019, Percentage, 3.3
Total, Maramures, September 2019, Percentage, 2.9
Total, Maramures, October 2019, Percentage, 2.8
Total, Maramures, November 2019, Percentage, 2.8
Total, Maramures, December 2019, Percentage, 2.6
Total, Maramures, January 2020, Percentage, 2.5
Total, Maramures, February 2020, Percentage, 2.3
Total, Maramures, March 2020, Percentage, 2.2
Total, Maramures, April 2020, Percentage, 2.1
Total, Maramures, May 2020, Percentage, 2.1
Total, Maramures, June 2020, Percentage, 2.2
Total, Maramures, July 2020, Percentage, 2.6
Total, Maramures, August 2020, Percentage, 2.7
Total, Maramures, September 2020, Percentage, 2.5
Total, Maramures, October 2020, Percentage, 2.5
Total, Maramures, November 2020, Percentage, 2.5
Total, Maramures, December 2020, Percentage, 2.3
Total, Satu Mare, January 2019, Percentage, 2.7
Total, Satu Mare, February 2019, Percentage, 2.7
Total, Satu Mare, March 2019, Percentage, 2.6
Total, Satu Mare, April 2019, Percentage, 2.5
Total, Satu Mare, May 2019, Percentage, 2.4
Total, Satu Mare, June 2019, Percentage, 2.3
Total, Satu Mare, July 2019, Percentage, 2.3
Total, Satu Mare, August 2019, Percentage, 2.3
Total, Satu Mare, September 2019, Percentage, 2.3
Total, Satu Mare, October 2019, Percentage, 2.4
Total, Satu Mare, November 2019, Percentage, 2.4
Total, Satu Mare, December 2019, Percentage, 2.5
Total, Satu Mare, January 2020, Percentage, 2.5
Total, Satu Mare, February 2020, Percentage, 2.6
Total, Satu Mare, March 2020, Percentage, 2.6
Total, Satu Mare, April 2020, Percentage, 2.9
Total, Satu Mare, May 2020, Percentage, 3
Total, Satu Mare, June 2020, Percentage, 3.2
Total, Satu Mare, July 2020, Percentage, 3.3
Total, Satu Mare, August 2020, Percentage, 3.4
Total, Satu Mare, September 2020, Percentage, 3.6
Total, Satu Mare, October 2020, Percentage, 3.6
Total, Satu Mare, November 2020, Percentage, 3.7
Total, Satu Mare, December 2020, Percentage, 3.7
Total, Salaj, January 2019, Percentage, 4.6
Total, Salaj, February 2019, Percentage, 4.6
Total, Salaj, March 2019, Percentage, 4.6
Total, Salaj, April 2019, Percentage, 4.2
Total, Salaj, May 2019, Percentage, 4.1
Total, Salaj, June 2019, Percentage, 4
Total, Salaj, July 2019, Percentage, 4.3
Total, Salaj, August 2019, Percentage, 4.2
Total, Salaj, September 2019, Percentage, 4.1
Total, Salaj, October 2019, Percentage, 4.1
Total, Salaj, November 2019, Percentage, 4.2
Total, Salaj, December 2019, Percentage, 4.2
Total, Salaj, January 2020, Percentage, 4.2
Total, Salaj, February 2020, Percentage, 4.2
Total, Salaj, March 2020, Percentage, 4.1
Total, Salaj, April 2020, Percentage, 4.2
Total, Salaj, May 2020, Percentage, 4.3
Total, Salaj, June 2020, Percentage, 4.4
Total, Salaj, July 2020, Percentage, 4.9
Total, Salaj, August 2020, Percentage, 4.9
Total, Salaj, September 2020, Percentage, 5.1
Total, Salaj, October 2020, Percentage, 5.1
Total, Salaj, November 2020, Percentage, 5.1
Total, Salaj, December 2020, Percentage, 5.2
Total, CENTER, January 2019, Percentage, 2.9
Total, CENTER, February 2019, Percentage, 2.9
Total, CENTER, March 2019, Percentage, 2.7
Total, CENTER, April 2019, Percentage, 2.6
Total, CENTER, May 2019, Percentage, 2.5
Total, CENTER, June 2019, Percentage, 2.5
Total, CENTER, July 2019, Percentage, 2.5
Total, CENTER, August 2019, Percentage, 2.6
Total, CENTER, September 2019, Percentage, 2.5
Total, CENTER, October 2019, Percentage, 2.6
Total, CENTER, November 2019, Percentage, 2.6
Total, CENTER, December 2019, Percentage, 2.6
Total, CENTER, January 2020, Percentage, 2.6
Total, CENTER, February 2020, Percentage, 2.6
Total, CENTER, March 2020, Percentage, 2.5
Total, CENTER, April 2020, Percentage, 2.6
Total, CENTER, May 2020, Percentage, 2.6
Total, CENTER, June 2020, Percentage, 2.7
Total, CENTER, July 2020, Percentage, 3
Total, CENTER, August 2020, Percentage, 3.1
Total, CENTER, September 2020, Percentage, 3.2
Total, CENTER, October 2020, Percentage, 3.2
Total, CENTER, November 2020, Percentage, 3.3
Total, CENTER, December 2020, Percentage, 3.3
Total, Alba, January 2019, Percentage, 3.3
Total, Alba, February 2019, Percentage, 3.4
Total, Alba, March 2019, Percentage, 3.1
Total, Alba, April 2019, Percentage, 2.9
Total, Alba, May 2019, Percentage, 2.8
Total, Alba, June 2019, Percentage, 2.8
Total, Alba, July 2019, Percentage, 2.8
Total, Alba, August 2019, Percentage, 2.9
Total, Alba, September 2019, Percentage, 2.9
Total, Alba, October 2019, Percentage, 3
Total, Alba, November 2019, Percentage, 3.1
Total, Alba, December 2019, Percentage, 3.1
Total, Alba, January 2020, Percentage, 3.2
Total, Alba, February 2020, Percentage, 3.3
Total, Alba, March 2020, Percentage, 3.1
Total, Alba, April 2020, Percentage, 2.9
Total, Alba, May 2020, Percentage, 3.1
Total, Alba, June 2020, Percentage, 3.2
Total, Alba, July 2020, Percentage, 3.4
Total, Alba, August 2020, Percentage, 3.3
Total, Alba, September 2020, Percentage, 3.8
Total, Alba, October 2020, Percentage, 3.8
Total, Alba, November 2020, Percentage, 3.8
Total, Alba, December 2020, Percentage, 3.8
Total, Brasov, January 2019, Percentage, 2.3
Total, Brasov, February 2019, Percentage, 2.3
Total, Brasov, March 2019, Percentage, 2.2
Total, Brasov, April 2019, Percentage, 2.1
Total, Brasov, May 2019, Percentage, 2.1
Total, Brasov, June 2019, Percentage, 2.2
Total, Brasov, July 2019, Percentage, 2.2
Total, Brasov, August 2019, Percentage, 2.2
Total, Brasov, September 2019, Percentage, 2.2
Total, Brasov, October 2019, Percentage, 2.1
Total, Brasov, November 2019, Percentage, 2.1
Total, Brasov, December 2019, Percentage, 2
Total, Brasov, January 2020, Percentage, 2
Total, Brasov, February 2020, Percentage, 1.9
Total, Brasov, March 2020, Percentage, 1.9
Total, Brasov, April 2020, Percentage, 2.1
Total, Brasov, May 2020, Percentage, 2
Total, Brasov, June 2020, Percentage, 2.2
Total, Brasov, July 2020, Percentage, 2.4
Total, Brasov, August 2020, Percentage, 2.5
Total, Brasov, September 2020, Percentage, 2.6
Total, Brasov, October 2020, Percentage, 2.6
Total, Brasov, November 2020, Percentage, 2.7
Total, Brasov, December 2020, Percentage, 2.6
Total, Covasna, January 2019, Percentage, 3.7
Total, Covasna, February 2019, Percentage, 3.6
Total, Covasna, March 2019, Percentage, 3.5
Total, Covasna, April 2019, Percentage, 3.1
Total, Covasna, May 2019, Percentage, 3
Total, Covasna, June 2019, Percentage, 3.1
Total, Covasna, July 2019, Percentage, 3.2
Total, Covasna, August 2019, Percentage, 3.2
Total, Covasna, September 2019, Percentage, 3.3
Total, Covasna, October 2019, Percentage, 3.3
Total, Covasna, November 2019, Percentage, 3.3
Total, Covasna, December 2019, Percentage, 3.3
Total, Covasna, January 2020, Percentage, 3.1
Total, Covasna, February 2020, Percentage, 3.1
Total, Covasna, March 2020, Percentage, 3.1
Total, Covasna, April 2020, Percentage, 3.4
Total, Covasna, May 2020, Percentage, 3.7
Total, Covasna, June 2020, Percentage, 3.8
Total, Covasna, July 2020, Percentage, 4.5
Total, Covasna, August 2020, Percentage, 4.9
Total, Covasna, September 2020, Percentage, 5
Total, Covasna, October 2020, Percentage, 5.1
Total, Covasna, November 2020, Percentage, 5.2
Total, Covasna, December 2020, Percentage, 5.1
Total, Harghita, January 2019, Percentage, 4.2
Total, Harghita, February 2019, Percentage, 4.2
Total, Harghita, March 2019, Percentage, 4
Total, Harghita, April 2019, Percentage, 3.7
Total, Harghita, May 2019, Percentage, 3.6
Total, Harghita, June 2019, Percentage, 3.6
Total, Harghita, July 2019, Percentage, 3.7
Total, Harghita, August 2019, Percentage, 3.7
Total, Harghita, September 2019, Percentage, 3.6
Total, Harghita, October 2019, Percentage, 3.8
Total, Harghita, November 2019, Percentage, 3.8
Total, Harghita, December 2019, Percentage, 3.8
Total, Harghita, January 2020, Percentage, 3.8
Total, Harghita, February 2020, Percentage, 3.7
Total, Harghita, March 2020, Percentage, 3.6
Total, Harghita, April 2020, Percentage, 3.8
Total, Harghita, May 2020, Percentage, 3.7
Total, Harghita, June 2020, Percentage, 3.9
Total, Harghita, July 2020, Percentage, 4.2
Total, Harghita, August 2020, Percentage, 4.5
Total, Harghita, September 2020, Percentage, 4.1
Total, Harghita, October 2020, Percentage, 4.5
Total, Harghita, November 2020, Percentage, 4.8
Total, Harghita, December 2020, Percentage, 4.5
Total, Mures, January 2019, Percentage, 3
Total, Mures, February 2019, Percentage, 2.9
Total, Mures, March 2019, Percentage, 2.8
Total, Mures, April 2019, Percentage, 2.6
Total, Mures, May 2019, Percentage, 2.6
Total, Mures, June 2019, Percentage, 2.6
Total, Mures, July 2019, Percentage, 2.5
Total, Mures, August 2019, Percentage, 2.6
Total, Mures, September 2019, Percentage, 2.6
Total, Mures, October 2019, Percentage, 2.7
Total, Mures, November 2019, Percentage, 2.7
Total, Mures, December 2019, Percentage, 2.7
Total, Mures, January 2020, Percentage, 2.8
Total, Mures, February 2020, Percentage, 2.7
Total, Mures, March 2020, Percentage, 2.6
Total, Mures, April 2020, Percentage, 2.5
Total, Mures, May 2020, Percentage, 2.3
Total, Mures, June 2020, Percentage, 2.3
Total, Mures, July 2020, Percentage, 2.6
Total, Mures, August 2020, Percentage, 2.6
Total, Mures, September 2020, Percentage, 2.5
Total, Mures, October 2020, Percentage, 2.5
Total, Mures, November 2020, Percentage, 2.6
Total, Mures, December 2020, Percentage, 2.7
Total, Sibiu, January 2019, Percentage, 1.8
Total, Sibiu, February 2019, Percentage, 1.9
Total, Sibiu, March 2019, Percentage, 1.8
Total, Sibiu, April 2019, Percentage, 1.7
Total, Sibiu, May 2019, Percentage, 1.7
Total, Sibiu, June 2019, Percentage, 1.7
Total, Sibiu, July 2019, Percentage, 1.7
Total, Sibiu, August 2019, Percentage, 1.7
Total, Sibiu, September 2019, Percentage, 1.6
Total, Sibiu, October 2019, Percentage, 1.7
Total, Sibiu, November 2019, Percentage, 1.7
Total, Sibiu, December 2019, Percentage, 1.8
Total, Sibiu, January 2020, Percentage, 1.8
Total, Sibiu, February 2020, Percentage, 1.8
Total, Sibiu, March 2020, Percentage, 1.9
Total, Sibiu, April 2020, Percentage, 2.1
Total, Sibiu, May 2020, Percentage, 2.1
Total, Sibiu, June 2020, Percentage, 2.2
Total, Sibiu, July 2020, Percentage, 2.6
Total, Sibiu, August 2020, Percentage, 2.8
Total, Sibiu, September 2020, Percentage, 2.7
Total, Sibiu, October 2020, Percentage, 2.6
Total, Sibiu, November 2020, Percentage, 2.6
Total, Sibiu, December 2020, Percentage, 2.8
Total, MACROREGION 2, January 2019, Percentage, 4.8
Total, MACROREGION 2, February 2019, Percentage, 4.8
Total, MACROREGION 2, March 2019, Percentage, 4.6
Total, MACROREGION 2, April 2019, Percentage, 4.3
Total, MACROREGION 2, May 2019, Percentage, 4.1
Total, MACROREGION 2, June 2019, Percentage, 4.2
Total, MACROREGION 2, July 2019, Percentage, 4.3
Total, MACROREGION 2, August 2019, Percentage, 4.3
Total, MACROREGION 2, September 2019, Percentage, 4.3
Total, MACROREGION 2, October 2019, Percentage, 4.2
Total, MACROREGION 2, November 2019, Percentage, 4.2
Total, MACROREGION 2, December 2019, Percentage, 4.2
Total, MACROREGION 2, January 2020, Percentage, 4.2
Total, MACROREGION 2, February 2020, Percentage, 4.2
Total, MACROREGION 2, March 2020, Percentage, 4.1
Total, MACROREGION 2, April 2020, Percentage, 4
Total, MACROREGION 2, May 2020, Percentage, 3.9
Total, MACROREGION 2, June 2020, Percentage, 4
Total, MACROREGION 2, July 2020, Percentage, 4.3
Total, MACROREGION 2, August 2020, Percentage, 4.4
Total, MACROREGION 2, September 2020, Percentage, 4.4
Total, MACROREGION 2, October 2020, Percentage, 4.4
Total, MACROREGION 2, November 2020, Percentage, 4.5
Total, MACROREGION 2, December 2020, Percentage, 4.7
Total, NORTH - EAST, January 2019, Percentage, 4.9
Total, NORTH - EAST, February 2019, Percentage, 4.8
Total, NORTH - EAST, March 2019, Percentage, 4.6
Total, NORTH - EAST, April 2019, Percentage, 4.4
Total, NORTH - EAST, May 2019, Percentage, 4.2
Total, NORTH - EAST, June 2019, Percentage, 4.3
Total, NORTH - EAST, July 2019, Percentage, 4.4
Total, NORTH - EAST, August 2019, Percentage, 4.4
Total, NORTH - EAST, September 2019, Percentage, 4.4
Total, NORTH - EAST, October 2019, Percentage, 4.3
Total, NORTH - EAST, November 2019, Percentage, 4.3
Total, NORTH - EAST, December 2019, Percentage, 4.3
Total, NORTH - EAST, January 2020, Percentage, 4.3
Total, NORTH - EAST, February 2020, Percentage, 4.3
Total, NORTH - EAST, March 2020, Percentage, 4.1
Total, NORTH - EAST, April 2020, Percentage, 4
Total, NORTH - EAST, May 2020, Percentage, 3.8
Total, NORTH - EAST, June 2020, Percentage, 3.9
Total, NORTH - EAST, July 2020, Percentage, 4.3
Total, NORTH - EAST, August 2020, Percentage, 4.4
Total, NORTH - EAST, September 2020, Percentage, 4.4
Total, NORTH - EAST, October 2020, Percentage, 4.4
Total, NORTH - EAST, November 2020, Percentage, 4.4
Total, NORTH - EAST, December 2020, Percentage, 4.7
Total, Bacau, January 2019, Percentage, 5.9
Total, Bacau, February 2019, Percentage, 5.9
Total, Bacau, March 2019, Percentage, 5.7
Total, Bacau, April 2019, Percentage, 5.4
Total, Bacau, May 2019, Percentage, 5.1
Total, Bacau, June 2019, Percentage, 5.1
Total, Bacau, July 2019, Percentage, 5.2
Total, Bacau, August 2019, Percentage, 5.1
Total, Bacau, September 2019, Percentage, 5.2
Total, Bacau, October 2019, Percentage, 5.1
Total, Bacau, November 2019, Percentage, 5.1
Total, Bacau, December 2019, Percentage, 5.2
Total, Bacau, January 2020, Percentage, 5.2
Total, Bacau, February 2020, Percentage, 5.3
Total, Bacau, March 2020, Percentage, 5.2
Total, Bacau, April 2020, Percentage, 5.1
Total, Bacau, May 2020, Percentage, 4.7
Total, Bacau, June 2020, Percentage, 4.9
Total, Bacau, July 2020, Percentage, 5.1
Total, Bacau, August 2020, Percentage, 5.1
Total, Bacau, September 2020, Percentage, 5.1
Total, Bacau, October 2020, Percentage, 5.2
Total, Bacau, November 2020, Percentage, 5.2
Total, Bacau, December 2020, Percentage, 5.4
Total, Botosani, January 2019, Percentage, 3.2
Total, Botosani, February 2019, Percentage, 3.2
Total, Botosani, March 2019, Percentage, 3.1
Total, Botosani, April 2019, Percentage, 2.8
Total, Botosani, May 2019, Percentage, 2.7
Total, Botosani, June 2019, Percentage, 2.6
Total, Botosani, July 2019, Percentage, 2.9
Total, Botosani, August 2019, Percentage, 2.8
Total, Botosani, September 2019, Percentage, 2.7
Total, Botosani, October 2019, Percentage, 2.7
Total, Botosani, November 2019, Percentage, 2.6
Total, Botosani, December 2019, Percentage, 2.6
Total, Botosani, January 2020, Percentage, 2.6
Total, Botosani, February 2020, Percentage, 2.5
Total, Botosani, March 2020, Percentage, 2.3
Total, Botosani, April 2020, Percentage, 2.3
Total, Botosani, May 2020, Percentage, 2.4
Total, Botosani, June 2020, Percentage, 2.5
Total, Botosani, July 2020, Percentage, 2.9
Total, Botosani, August 2020, Percentage, 2.9
Total, Botosani, September 2020, Percentage, 2.9
Total, Botosani, October 2020, Percentage, 2.9
Total, Botosani, November 2020, Percentage, 2.8
Total, Botosani, December 2020, Percentage, 2.9
Total, Iasi, January 2019, Percentage, 3
Total, Iasi, February 2019, Percentage, 3
Total, Iasi, March 2019, Percentage, 2.9
Total, Iasi, April 2019, Percentage, 2.9
Total, Iasi, May 2019, Percentage, 2.8
Total, Iasi, June 2019, Percentage, 2.9
Total, Iasi, July 2019, Percentage, 2.8
Total, Iasi, August 2019, Percentage, 3
Total, Iasi, September 2019, Percentage, 3
Total, Iasi, October 2019, Percentage, 2.9
Total, Iasi, November 2019, Percentage, 2.8
Total, Iasi, December 2019, Percentage, 2.7
Total, Iasi, January 2020, Percentage, 2.7
Total, Iasi, February 2020, Percentage, 2.7
Total, Iasi, March 2020, Percentage, 2.6
Total, Iasi, April 2020, Percentage, 2.7
Total, Iasi, May 2020, Percentage, 2.7
Total, Iasi, June 2020, Percentage, 2.8
Total, Iasi, July 2020, Percentage, 3
Total, Iasi, August 2020, Percentage, 3.1
Total, Iasi, September 2020, Percentage, 3.1
Total, Iasi, October 2020, Percentage, 3
Total, Iasi, November 2020, Percentage, 3.1
Total, Iasi, December 2020, Percentage, 3.1
Total, Neamt, January 2019, Percentage, 4.7
Total, Neamt, February 2019, Percentage, 4.6
Total, Neamt, March 2019, Percentage, 4.3
Total, Neamt, April 2019, Percentage, 4
Total, Neamt, May 2019, Percentage, 3.8
Total, Neamt, June 2019, Percentage, 4
Total, Neamt, July 2019, Percentage, 4.3
Total, Neamt, August 2019, Percentage, 4.3
Total, Neamt, September 2019, Percentage, 4.2
Total, Neamt, October 2019, Percentage, 4.1
Total, Neamt, November 2019, Percentage, 4
Total, Neamt, December 2019, Percentage, 4
Total, Neamt, January 2020, Percentage, 4.2
Total, Neamt, February 2020, Percentage, 4.2
Total, Neamt, March 2020, Percentage, 4.1
Total, Neamt, April 2020, Percentage, 4
Total, Neamt, May 2020, Percentage, 3.2
Total, Neamt, June 2020, Percentage, 3.5
Total, Neamt, July 2020, Percentage, 4.4
Total, Neamt, August 2020, Percentage, 4.5
Total, Neamt, September 2020, Percentage, 4.6
Total, Neamt, October 2020, Percentage, 4.3
Total, Neamt, November 2020, Percentage, 4.2
Total, Neamt, December 2020, Percentage, 5
Total, Suceava, January 2019, Percentage, 5.2
Total, Suceava, February 2019, Percentage, 5.2
Total, Suceava, March 2019, Percentage, 4.9
Total, Suceava, April 2019, Percentage, 4.6
Total, Suceava, May 2019, Percentage, 4.3
Total, Suceava, June 2019, Percentage, 4.6
Total, Suceava, July 2019, Percentage, 5
Total, Suceava, August 2019, Percentage, 5
Total, Suceava, September 2019, Percentage, 4.9
Total, Suceava, October 2019, Percentage, 4.8
Total, Suceava, November 2019, Percentage, 4.8
Total, Suceava, December 2019, Percentage, 4.8
Total, Suceava, January 2020, Percentage, 4.7
Total, Suceava, February 2020, Percentage, 4.7
Total, Suceava, March 2020, Percentage, 4.5
Total, Suceava, April 2020, Percentage, 4.4
Total, Suceava, May 2020, Percentage, 4.4
Total, Suceava, June 2020, Percentage, 4.6
Total, Suceava, July 2020, Percentage, 5
Total, Suceava, August 2020, Percentage, 5.1
Total, Suceava, September 2020, Percentage, 5
Total, Suceava, October 2020, Percentage, 5.2
Total, Suceava, November 2020, Percentage, 5.2
Total, Suceava, December 2020, Percentage, 5.1
Total, Vaslui, January 2019, Percentage, 8.7
Total, Vaslui, February 2019, Percentage, 8.6
Total, Vaslui, March 2019, Percentage, 8.3
Total, Vaslui, April 2019, Percentage, 7.8
Total, Vaslui, May 2019, Percentage, 7.7
Total, Vaslui, June 2019, Percentage, 7.5
Total, Vaslui, July 2019, Percentage, 7.8
Total, Vaslui, August 2019, Percentage, 7.7
Total, Vaslui, September 2019, Percentage, 7.7
Total, Vaslui, October 2019, Percentage, 7.4
Total, Vaslui, November 2019, Percentage, 7.3
Total, Vaslui, December 2019, Percentage, 7.5
Total, Vaslui, January 2020, Percentage, 7.7
Total, Vaslui, February 2020, Percentage, 7.6
Total, Vaslui, March 2020, Percentage, 7.2
Total, Vaslui, April 2020, Percentage, 6.3
Total, Vaslui, May 2020, Percentage, 5.9
Total, Vaslui, June 2020, Percentage, 5.2
Total, Vaslui, July 2020, Percentage, 5.8
Total, Vaslui, August 2020, Percentage, 6.2
Total, Vaslui, September 2020, Percentage, 6.5
Total, Vaslui, October 2020, Percentage, 6.7
Total, Vaslui, November 2020, Percentage, 6.6
Total, Vaslui, December 2020, Percentage, 7.4
Total, SOUTH - EAST, January 2019, Percentage, 4.6
Total, SOUTH - EAST, February 2019, Percentage, 4.7
Total, SOUTH - EAST, March 2019, Percentage, 4.5
Total, SOUTH - EAST, April 2019, Percentage, 4.1
Total, SOUTH - EAST, May 2019, Percentage, 4
Total, SOUTH - EAST, June 2019, Percentage, 4
Total, SOUTH - EAST, July 2019, Percentage, 4.1
Total, SOUTH - EAST, August 2019, Percentage, 4.1
Total, SOUTH - EAST, September 2019, Percentage, 4.1
Total, SOUTH - EAST, October 2019, Percentage, 4.1
Total, SOUTH - EAST, November 2019, Percentage, 4.2
Total, SOUTH - EAST, December 2019, Percentage, 4.2
Total, SOUTH - EAST, January 2020, Percentage, 4.1
Total, SOUTH - EAST, February 2020, Percentage, 4.1
Total, SOUTH - EAST, March 2020, Percentage, 4
Total, SOUTH - EAST, April 2020, Percentage, 4
Total, SOUTH - EAST, May 2020, Percentage, 4
Total, SOUTH - EAST, June 2020, Percentage, 4.1
Total, SOUTH - EAST, July 2020, Percentage, 4.4
Total, SOUTH - EAST, August 2020, Percentage, 4.4
Total, SOUTH - EAST, September 2020, Percentage, 4.4
Total, SOUTH - EAST, October 2020, Percentage, 4.5
Total, SOUTH - EAST, November 2020, Percentage, 4.7
Total, SOUTH - EAST, December 2020, Percentage, 4.8
Total, Braila, January 2019, Percentage, 4.2
Total, Braila, February 2019, Percentage, 4.4
Total, Braila, March 2019, Percentage, 4.2
Total, Braila, April 2019, Percentage, 3.9
Total, Braila, May 2019, Percentage, 3.7
Total, Braila, June 2019, Percentage, 3.7
Total, Braila, July 2019, Percentage, 3.7
Total, Braila, August 2019, Percentage, 3.6
Total, Braila, September 2019, Percentage, 3.6
Total, Braila, October 2019, Percentage, 3.5
Total, Braila, November 2019, Percentage, 3.5
Total, Braila, December 2019, Percentage, 3.5
Total, Braila, January 2020, Percentage, 3.6
Total, Braila, February 2020, Percentage, 3.6
Total, Braila, March 2020, Percentage, 3.5
Total, Braila, April 2020, Percentage, 3.7
Total, Braila, May 2020, Percentage, 3.8
Total, Braila, June 2020, Percentage, 3.7
Total, Braila, July 2020, Percentage, 3.8
Total, Braila, August 2020, Percentage, 4
Total, Braila, September 2020, Percentage, 4
Total, Braila, October 2020, Percentage, 4
Total, Braila, November 2020, Percentage, 4.1
Total, Braila, December 2020, Percentage, 4.3
Total, Buzau, January 2019, Percentage, 7.2
Total, Buzau, February 2019, Percentage, 7.2
Total, Buzau, March 2019, Percentage, 6.9
Total, Buzau, April 2019, Percentage, 6.8
Total, Buzau, May 2019, Percentage, 6.6
Total, Buzau, June 2019, Percentage, 6.7
Total, Buzau, July 2019, Percentage, 6.8
Total, Buzau, August 2019, Percentage, 6.8
Total, Buzau, September 2019, Percentage, 6.8
Total, Buzau, October 2019, Percentage, 6.7
Total, Buzau, November 2019, Percentage, 6.6
Total, Buzau, December 2019, Percentage, 6.6
Total, Buzau, January 2020, Percentage, 6.5
Total, Buzau, February 2020, Percentage, 6.5
Total, Buzau, March 2020, Percentage, 6.4
Total, Buzau, April 2020, Percentage, 6.5
Total, Buzau, May 2020, Percentage, 6.6
Total, Buzau, June 2020, Percentage, 6.7
Total, Buzau, July 2020, Percentage, 7.2
Total, Buzau, August 2020, Percentage, 7.2
Total, Buzau, September 2020, Percentage, 7
Total, Buzau, October 2020, Percentage, 6.9
Total, Buzau, November 2020, Percentage, 7.2
Total, Buzau, December 2020, Percentage, 7.9
Total, Constanta, January 2019, Percentage, 2.8
Total, Constanta, February 2019, Percentage, 2.8
Total, Constanta, March 2019, Percentage, 2.7
Total, Constanta, April 2019, Percentage, 2.1
Total, Constanta, May 2019, Percentage, 1.9
Total, Constanta, June 2019, Percentage, 1.9
Total, Constanta, July 2019, Percentage, 1.9
Total, Constanta, August 2019, Percentage, 2
Total, Constanta, September 2019, Percentage, 2
Total, Constanta, October 2019, Percentage, 2.3
Total, Constanta, November 2019, Percentage, 2.6
Total, Constanta, December 2019, Percentage, 2.5
Total, Constanta, January 2020, Percentage, 2.4
Total, Constanta, February 2020, Percentage, 2.4
Total, Constanta, March 2020, Percentage, 2.3
Total, Constanta, April 2020, Percentage, 2.2
Total, Constanta, May 2020, Percentage, 2
Total, Constanta, June 2020, Percentage, 2.2
Total, Constanta, July 2020, Percentage, 2.3
Total, Constanta, August 2020, Percentage, 2.4
Total, Constanta, September 2020, Percentage, 2.4
Total, Constanta, October 2020, Percentage, 2.7
Total, Constanta, November 2020, Percentage, 2.9
Total, Constanta, December 2020, Percentage, 3
Total, Galati, January 2019, Percentage, 6.2
Total, Galati, February 2019, Percentage, 6.2
Total, Galati, March 2019, Percentage, 6
Total, Galati, April 2019, Percentage, 5.6
Total, Galati, May 2019, Percentage, 5.5
Total, Galati, June 2019, Percentage, 5.7
Total, Galati, July 2019, Percentage, 5.9
Total, Galati, August 2019, Percentage, 5.9
Total, Galati, September 2019, Percentage, 5.8
Total, Galati, October 2019, Percentage, 5.6
Total, Galati, November 2019, Percentage, 5.7
Total, Galati, December 2019, Percentage, 5.6
Total, Galati, January 2020, Percentage, 5.5
Total, Galati, February 2020, Percentage, 5.4
Total, Galati, March 2020, Percentage, 5.4
Total, Galati, April 2020, Percentage, 5.4
Total, Galati, May 2020, Percentage, 5.6
Total, Galati, June 2020, Percentage, 5.7
Total, Galati, July 2020, Percentage, 6.2
Total, Galati, August 2020, Percentage, 6.3
Total, Galati, September 2020, Percentage, 6.3
Total, Galati, October 2020, Percentage, 6.1
Total, Galati, November 2020, Percentage, 6.4
Total, Galati, December 2020, Percentage, 6.5
Total, Tulcea, January 2019, Percentage, 3.9
Total, Tulcea, February 2019, Percentage, 4
Total, Tulcea, March 2019, Percentage, 3.6
Total, Tulcea, April 2019, Percentage, 3.2
Total, Tulcea, May 2019, Percentage, 3
Total, Tulcea, June 2019, Percentage, 3
Total, Tulcea, July 2019, Percentage, 3.1
Total, Tulcea, August 2019, Percentage, 3.3
Total, Tulcea, September 2019, Percentage, 3.2
Total, Tulcea, October 2019, Percentage, 3.2
Total, Tulcea, November 2019, Percentage, 3.4
Total, Tulcea, December 2019, Percentage, 3.5
Total, Tulcea, January 2020, Percentage, 3.4
Total, Tulcea, February 2020, Percentage, 3.4
Total, Tulcea, March 2020, Percentage, 3.4
Total, Tulcea, April 2020, Percentage, 3.3
Total, Tulcea, May 2020, Percentage, 3.1
Total, Tulcea, June 2020, Percentage, 3.3
Total, Tulcea, July 2020, Percentage, 3.4
Total, Tulcea, August 2020, Percentage, 3.1
Total, Tulcea, September 2020, Percentage, 3
Total, Tulcea, October 2020, Percentage, 3.1
Total, Tulcea, November 2020, Percentage, 3.2
Total, Tulcea, December 2020, Percentage, 3
Total, Vrancea, January 2019, Percentage, 4.1
Total, Vrancea, February 2019, Percentage, 4.1
Total, Vrancea, March 2019, Percentage, 4
Total, Vrancea, April 2019, Percentage, 3.7
Total, Vrancea, May 2019, Percentage, 3.7
Total, Vrancea, June 2019, Percentage, 3.9
Total, Vrancea, July 2019, Percentage, 3.9
Total, Vrancea, August 2019, Percentage, 4
Total, Vrancea, September 2019, Percentage, 3.8
Total, Vrancea, October 2019, Percentage, 3.9
Total, Vrancea, November 2019, Percentage, 3.7
Total, Vrancea, December 2019, Percentage, 3.6
Total, Vrancea, January 2020, Percentage, 3.7
Total, Vrancea, February 2020, Percentage, 3.6
Total, Vrancea, March 2020, Percentage, 3.6
Total, Vrancea, April 2020, Percentage, 3.5
Total, Vrancea, May 2020, Percentage, 3.4
Total, Vrancea, June 2020, Percentage, 3.7
Total, Vrancea, July 2020, Percentage, 4
Total, Vrancea, August 2020, Percentage, 4
Total, Vrancea, September 2020, Percentage, 4
Total, Vrancea, October 2020, Percentage, 4.1
Total, Vrancea, November 2020, Percentage, 4.1
Total, Vrancea, December 2020, Percentage, 4.2
Total, MACROREGION 3, January 2019, Percentage, 2.4
Total, MACROREGION 3, February 2019, Percentage, 2.4
Total, MACROREGION 3, March 2019, Percentage, 2.4
Total, MACROREGION 3, April 2019, Percentage, 2.3
Total, MACROREGION 3, May 2019, Percentage, 2.2
Total, MACROREGION 3, June 2019, Percentage, 2.2
Total, MACROREGION 3, July 2019, Percentage, 2.2
Total, MACROREGION 3, August 2019, Percentage, 2.2
Total, MACROREGION 3, September 2019, Percentage, 2.2
Total, MACROREGION 3, October 2019, Percentage, 2.2
Total, MACROREGION 3, November 2019, Percentage, 2.2
Total, MACROREGION 3, December 2019, Percentage, 2.1
Total, MACROREGION 3, January 2020, Percentage, 2.2
Total, MACROREGION 3, February 2020, Percentage, 2.2
Total, MACROREGION 3, March 2020, Percentage, 2.1
Total, MACROREGION 3, April 2020, Percentage, 2.1
Total, MACROREGION 3, May 2020, Percentage, 2.1
Total, MACROREGION 3, June 2020, Percentage, 2.2
Total, MACROREGION 3, July 2020, Percentage, 2.3
Total, MACROREGION 3, August 2020, Percentage, 2.3
Total, MACROREGION 3, September 2020, Percentage, 2.3
Total, MACROREGION 3, October 2020, Percentage, 2.3
Total, MACROREGION 3, November 2020, Percentage, 2.3
Total, MACROREGION 3, December 2020, Percentage, 2.4
Total, SOUTH - MUNTENIA, January 2019, Percentage, 3.9
Total, SOUTH - MUNTENIA, February 2019, Percentage, 3.9
Total, SOUTH - MUNTENIA, March 2019, Percentage, 3.8
Total, SOUTH - MUNTENIA, April 2019, Percentage, 3.5
Total, SOUTH - MUNTENIA, May 2019, Percentage, 3.4
Total, SOUTH - MUNTENIA, June 2019, Percentage, 3.4
Total, SOUTH - MUNTENIA, July 2019, Percentage, 3.5
Total, SOUTH - MUNTENIA, August 2019, Percentage, 3.5
Total, SOUTH - MUNTENIA, September 2019, Percentage, 3.4
Total, SOUTH - MUNTENIA, October 2019, Percentage, 3.4
Total, SOUTH - MUNTENIA, November 2019, Percentage, 3.4
Total, SOUTH - MUNTENIA, December 2019, Percentage, 3.4
Total, SOUTH - MUNTENIA, January 2020, Percentage, 3.5
Total, SOUTH - MUNTENIA, February 2020, Percentage, 3.5
Total, SOUTH - MUNTENIA, March 2020, Percentage, 3.4
Total, SOUTH - MUNTENIA, April 2020, Percentage, 3.4
Total, SOUTH - MUNTENIA, May 2020, Percentage, 3.4
Total, SOUTH - MUNTENIA, June 2020, Percentage, 3.6
Total, SOUTH - MUNTENIA, July 2020, Percentage, 3.9
Total, SOUTH - MUNTENIA, August 2020, Percentage, 3.9
Total, SOUTH - MUNTENIA, September 2020, Percentage, 3.8
Total, SOUTH - MUNTENIA, October 2020, Percentage, 3.7
Total, SOUTH - MUNTENIA, November 2020, Percentage, 3.8
Total, SOUTH - MUNTENIA, December 2020, Percentage, 3.9
Total, Arges, January 2019, Percentage, 3.3
Total, Arges, February 2019, Percentage, 3.2
Total, Arges, March 2019, Percentage, 3.1
Total, Arges, April 2019, Percentage, 2.8
Total, Arges, May 2019, Percentage, 2.8
Total, Arges, June 2019, Percentage, 2.9
Total, Arges, July 2019, Percentage, 2.9
Total, Arges, August 2019, Percentage, 3
Total, Arges, September 2019, Percentage, 3
Total, Arges, October 2019, Percentage, 2.9
Total, Arges, November 2019, Percentage, 3
Total, Arges, December 2019, Percentage, 3
Total, Arges, January 2020, Percentage, 3.1
Total, Arges, February 2020, Percentage, 3.1
Total, Arges, March 2020, Percentage, 3.1
Total, Arges, April 2020, Percentage, 3.1
Total, Arges, May 2020, Percentage, 3.2
Total, Arges, June 2020, Percentage, 3.6
Total, Arges, July 2020, Percentage, 4
Total, Arges, August 2020, Percentage, 4.1
Total, Arges, September 2020, Percentage, 3.9
Total, Arges, October 2020, Percentage, 3.6
Total, Arges, November 2020, Percentage, 3.8
Total, Arges, December 2020, Percentage, 3.8
Total, Calarasi, January 2019, Percentage, 4.3
Total, Calarasi, February 2019, Percentage, 4.3
Total, Calarasi, March 2019, Percentage, 4.1
Total, Calarasi, April 2019, Percentage, 3.8
Total, Calarasi, May 2019, Percentage, 3.6
Total, Calarasi, June 2019, Percentage, 3.6
Total, Calarasi, July 2019, Percentage, 3.7
Total, Calarasi, August 2019, Percentage, 3.7
Total, Calarasi, September 2019, Percentage, 3.6
Total, Calarasi, October 2019, Percentage, 3.6
Total, Calarasi, November 2019, Percentage, 3.6
Total, Calarasi, December 2019, Percentage, 3.6
Total, Calarasi, January 2020, Percentage, 3.5
Total, Calarasi, February 2020, Percentage, 3.4
Total, Calarasi, March 2020, Percentage, 3.3
Total, Calarasi, April 2020, Percentage, 3.1
Total, Calarasi, May 2020, Percentage, 3.2
Total, Calarasi, June 2020, Percentage, 3.5
Total, Calarasi, July 2020, Percentage, 4.1
Total, Calarasi, August 2020, Percentage, 4.1
Total, Calarasi, September 2020, Percentage, 4.1
Total, Calarasi, October 2020, Percentage, 4.1
Total, Calarasi, November 2020, Percentage, 4.2
Total, Calarasi, December 2020, Percentage, 4.3
Total, Dambovita, January 2019, Percentage, 3.8
Total, Dambovita, February 2019, Percentage, 3.7
Total, Dambovita, March 2019, Percentage, 3.7
Total, Dambovita, April 2019, Percentage, 3.5
Total, Dambovita, May 2019, Percentage, 3.4
Total, Dambovita, June 2019, Percentage, 3.4
Total, Dambovita, July 2019, Percentage, 3.5
Total, Dambovita, August 2019, Percentage, 3.4
Total, Dambovita, September 2019, Percentage, 3.3
Total, Dambovita, October 2019, Percentage, 3.5
Total, Dambovita, November 2019, Percentage, 3.5
Total, Dambovita, December 2019, Percentage, 3.4
Total, Dambovita, January 2020, Percentage, 3.3
Total, Dambovita, February 2020, Percentage, 3.3
Total, Dambovita, March 2020, Percentage, 3.2
Total, Dambovita, April 2020, Percentage, 3.1
Total, Dambovita, May 2020, Percentage, 3.2
Total, Dambovita, June 2020, Percentage, 3.2
Total, Dambovita, July 2020, Percentage, 3.2
Total, Dambovita, August 2020, Percentage, 3.1
Total, Dambovita, September 2020, Percentage, 3.2
Total, Dambovita, October 2020, Percentage, 3.3
Total, Dambovita, November 2020, Percentage, 3.2
Total, Dambovita, December 2020, Percentage, 3.2
Total, Giurgiu, January 2019, Percentage, 2.4
Total, Giurgiu, February 2019, Percentage, 2.4
Total, Giurgiu, March 2019, Percentage, 2.3
Total, Giurgiu, April 2019, Percentage, 2.2
Total, Giurgiu, May 2019, Percentage, 2.1
Total, Giurgiu, June 2019, Percentage, 2.2
Total, Giurgiu, July 2019, Percentage, 2.3
Total, Giurgiu, August 2019, Percentage, 2.4
Total, Giurgiu, September 2019, Percentage, 2.1
Total, Giurgiu, October 2019, Percentage, 2.1
Total, Giurgiu, November 2019, Percentage, 2.1
Total, Giurgiu, December 2019, Percentage, 2
Total, Giurgiu, January 2020, Percentage, 2
Total, Giurgiu, February 2020, Percentage, 2
Total, Giurgiu, March 2020, Percentage, 2
Total, Giurgiu, April 2020, Percentage, 2.2
Total, Giurgiu, May 2020, Percentage, 2.2
Total, Giurgiu, June 2020, Percentage, 2.4
Total, Giurgiu, July 2020, Percentage, 2.8
Total, Giurgiu, August 2020, Percentage, 2.7
Total, Giurgiu, September 2020, Percentage, 2.7
Total, Giurgiu, October 2020, Percentage, 2.6
Total, Giurgiu, November 2020, Percentage, 2.7
Total, Giurgiu, December 2020, Percentage, 2.6
Total, Ialomita, January 2019, Percentage, 5.6
Total, Ialomita, February 2019, Percentage, 5.6
Total, Ialomita, March 2019, Percentage, 5.4
Total, Ialomita, April 2019, Percentage, 5.1
Total, Ialomita, May 2019, Percentage, 4.9
Total, Ialomita, June 2019, Percentage, 4.9
Total, Ialomita, July 2019, Percentage, 4.8
Total, Ialomita, August 2019, Percentage, 4.7
Total, Ialomita, September 2019, Percentage, 4.5
Total, Ialomita, October 2019, Percentage, 4.3
Total, Ialomita, November 2019, Percentage, 4.4
Total, Ialomita, December 2019, Percentage, 4.5
Total, Ialomita, January 2020, Percentage, 4.5
Total, Ialomita, February 2020, Percentage, 4.5
Total, Ialomita, March 2020, Percentage, 4.3
Total, Ialomita, April 2020, Percentage, 4
Total, Ialomita, May 2020, Percentage, 4.1
Total, Ialomita, June 2020, Percentage, 4.3
Total, Ialomita, July 2020, Percentage, 4.6
Total, Ialomita, August 2020, Percentage, 4.6
Total, Ialomita, September 2020, Percentage, 4.6
Total, Ialomita, October 2020, Percentage, 4.3
Total, Ialomita, November 2020, Percentage, 4.5
Total, Ialomita, December 2020, Percentage, 4.9
Total, Prahova, January 2019, Percentage, 2.5
Total, Prahova, February 2019, Percentage, 2.5
Total, Prahova, March 2019, Percentage, 2.4
Total, Prahova, April 2019, Percentage, 2.3
Total, Prahova, May 2019, Percentage, 2.2
Total, Prahova, June 2019, Percentage, 2.2
Total, Prahova, July 2019, Percentage, 2.2
Total, Prahova, August 2019, Percentage, 2.4
Total, Prahova, September 2019, Percentage, 2.4
Total, Prahova, October 2019, Percentage, 2.4
Total, Prahova, November 2019, Percentage, 2.5
Total, Prahova, December 2019, Percentage, 2.4
Total, Prahova, January 2020, Percentage, 2.4
Total, Prahova, February 2020, Percentage, 2.4
Total, Prahova, March 2020, Percentage, 2.3
Total, Prahova, April 2020, Percentage, 2.5
Total, Prahova, May 2020, Percentage, 2.5
Total, Prahova, June 2020, Percentage, 2.7
Total, Prahova, July 2020, Percentage, 3.1
Total, Prahova, August 2020, Percentage, 3.1
Total, Prahova, September 2020, Percentage, 3.1
Total, Prahova, October 2020, Percentage, 3.1
Total, Prahova, November 2020, Percentage, 3
Total, Prahova, December 2020, Percentage, 2.9
Total, Teleorman, January 2019, Percentage, 7.6
Total, Teleorman, February 2019, Percentage, 7.9
Total, Teleorman, March 2019, Percentage, 7.6
Total, Teleorman, April 2019, Percentage, 7.1
Total, Teleorman, May 2019, Percentage, 6.7
Total, Teleorman, June 2019, Percentage, 6.7
Total, Teleorman, July 2019, Percentage, 6.8
Total, Teleorman, August 2019, Percentage, 6.7
Total, Teleorman, September 2019, Percentage, 6.5
Total, Teleorman, October 2019, Percentage, 6.3
Total, Teleorman, November 2019, Percentage, 6.3
Total, Teleorman, December 2019, Percentage, 6.3
Total, Teleorman, January 2020, Percentage, 6.6
Total, Teleorman, February 2020, Percentage, 6.9
Total, Teleorman, March 2020, Percentage, 6.6
Total, Teleorman, April 2020, Percentage, 6.3
Total, Teleorman, May 2020, Percentage, 5.9
Total, Teleorman, June 2020, Percentage, 6.1
Total, Teleorman, July 2020, Percentage, 6.3
Total, Teleorman, August 2020, Percentage, 6.2
Total, Teleorman, September 2020, Percentage, 5.7
Total, Teleorman, October 2020, Percentage, 6
Total, Teleorman, November 2020, Percentage, 6.4
Total, Teleorman, December 2020, Percentage, 6.6
Total, BUCHAREST - ILFOV, January 2019, Percentage, 1.2
Total, BUCHAREST - ILFOV, February 2019, Percentage, 1.2
Total, BUCHAREST - ILFOV, March 2019, Percentage, 1.2
Total, BUCHAREST - ILFOV, April 2019, Percentage, 1.2
Total, BUCHAREST - ILFOV, May 2019, Percentage, 1.2
Total, BUCHAREST - ILFOV, June 2019, Percentage, 1.2
Total, BUCHAREST - ILFOV, July 2019, Percentage, 1.2
Total, BUCHAREST - ILFOV, August 2019, Percentage, 1.2
Total, BUCHAREST - ILFOV, September 2019, Percentage, 1.2
Total, BUCHAREST - ILFOV, October 2019, Percentage, 1.2
Total, BUCHAREST - ILFOV, November 2019, Percentage, 1.2
Total, BUCHAREST - ILFOV, December 2019, Percentage, 1.1
Total, BUCHAREST - ILFOV, January 2020, Percentage, 1.1
Total, BUCHAREST - ILFOV, February 2020, Percentage, 1.1
Total, BUCHAREST - ILFOV, March 2020, Percentage, 1.1
Total, BUCHAREST - ILFOV, April 2020, Percentage, 1.1
Total, BUCHAREST - ILFOV, May 2020, Percentage, 1.1
Total, BUCHAREST - ILFOV, June 2020, Percentage, 1.1
Total, BUCHAREST - ILFOV, July 2020, Percentage, 1.1
Total, BUCHAREST - ILFOV, August 2020, Percentage, 1.1
Total, BUCHAREST - ILFOV, September 2020, Percentage, 1.1
Total, BUCHAREST - ILFOV, October 2020, Percentage, 1.2
Total, BUCHAREST - ILFOV, November 2020, Percentage, 1.2
Total, BUCHAREST - ILFOV, December 2020, Percentage, 1.2
Total, Ilfov, January 2019, Percentage, .6
Total, Ilfov, February 2019, Percentage, .5
Total, Ilfov, March 2019, Percentage, .5
Total, Ilfov, April 2019, Percentage, .4
Total, Ilfov, May 2019, Percentage, .4
Total, Ilfov, June 2019, Percentage, .5
Total, Ilfov, July 2019, Percentage, .4
Total, Ilfov, August 2019, Percentage, .4
Total, Ilfov, September 2019, Percentage, .4
Total, Ilfov, October 2019, Percentage, .4
Total, Ilfov, November 2019, Percentage, .4
Total, Ilfov, December 2019, Percentage, .4
Total, Ilfov, January 2020, Percentage, .4
Total, Ilfov, February 2020, Percentage, .4
Total, Ilfov, March 2020, Percentage, .4
Total, Ilfov, April 2020, Percentage, .3
Total, Ilfov, May 2020, Percentage, .3
Total, Ilfov, June 2020, Percentage, .3
Total, Ilfov, July 2020, Percentage, .4
Total, Ilfov, August 2020, Percentage, .4
Total, Ilfov, September 2020, Percentage, .4
Total, Ilfov, October 2020, Percentage, .7
Total, Ilfov, November 2020, Percentage, .7
Total, Ilfov, December 2020, Percentage, .7
Total, Bucharest Municipality, January 2019, Percentage, 1.3
Total, Bucharest Municipality, February 2019, Percentage, 1.3
Total, Bucharest Municipality, March 2019, Percentage, 1.3
Total, Bucharest Municipality, April 2019, Percentage, 1.3
Total, Bucharest Municipality, May 2019, Percentage, 1.3
Total, Bucharest Municipality, June 2019, Percentage, 1.3
Total, Bucharest Municipality, July 2019, Percentage, 1.3
Total, Bucharest Municipality, August 2019, Percentage, 1.3
Total, Bucharest Municipality, September 2019, Percentage, 1.3
Total, Bucharest Municipality, October 2019, Percentage, 1.3
Total, Bucharest Municipality, November 2019, Percentage, 1.3
Total, Bucharest Municipality, December 2019, Percentage, 1.2
Total, Bucharest Municipality, January 2020, Percentage, 1.2
Total, Bucharest Municipality, February 2020, Percentage, 1.2
Total, Bucharest Municipality, March 2020, Percentage, 1.2
Total, Bucharest Municipality, April 2020, Percentage, 1.2
Total, Bucharest Municipality, May 2020, Percentage, 1.2
Total, Bucharest Municipality, June 2020, Percentage, 1.2
Total, Bucharest Municipality, July 2020, Percentage, 1.2
Total, Bucharest Municipality, August 2020, Percentage, 1.2
Total, Bucharest Municipality, September 2020, Percentage, 1.2
Total, Bucharest Municipality, October 2020, Percentage, 1.2
Total, Bucharest Municipality, November 2020, Percentage, 1.2
Total, Bucharest Municipality, December 2020, Percentage, 1.2
Total, MACROREGION 4, January 2019, Percentage, 3.9
Total, MACROREGION 4, February 2019, Percentage, 3.9
Total, MACROREGION 4, March 2019, Percentage, 3.7
Total, MACROREGION 4, April 2019, Percentage, 3.5
Total, MACROREGION 4, May 2019, Percentage, 3.4
Total, MACROREGION 4, June 2019, Percentage, 3.5
Total, MACROREGION 4, July 2019, Percentage, 3.5
Total, MACROREGION 4, August 2019, Percentage, 3.6
Total, MACROREGION 4, September 2019, Percentage, 3.5
Total, MACROREGION 4, October 2019, Percentage, 3.5
Total, MACROREGION 4, November 2019, Percentage, 3.4
Total, MACROREGION 4, December 2019, Percentage, 3.4
Total, MACROREGION 4, January 2020, Percentage, 3.4
Total, MACROREGION 4, February 2020, Percentage, 3.4
Total, MACROREGION 4, March 2020, Percentage, 3.3
Total, MACROREGION 4, April 2020, Percentage, 3.4
Total, MACROREGION 4, May 2020, Percentage, 3.4
Total, MACROREGION 4, June 2020, Percentage, 3.6
Total, MACROREGION 4, July 2020, Percentage, 3.9
Total, MACROREGION 4, August 2020, Percentage, 3.8
Total, MACROREGION 4, September 2020, Percentage, 3.8
Total, MACROREGION 4, October 2020, Percentage, 3.7
Total, MACROREGION 4, November 2020, Percentage, 3.8
Total, MACROREGION 4, December 2020, Percentage, 3.9
Total, SOUTH - WEST OLTENIA, January 2019, Percentage, 5.9
Total, SOUTH - WEST OLTENIA, February 2019, Percentage, 5.9
Total, SOUTH - WEST OLTENIA, March 2019, Percentage, 5.7
Total, SOUTH - WEST OLTENIA, April 2019, Percentage, 5.4
Total, SOUTH - WEST OLTENIA, May 2019, Percentage, 5.3
Total, SOUTH - WEST OLTENIA, June 2019, Percentage, 5.3
Total, SOUTH - WEST OLTENIA, July 2019, Percentage, 5.3
Total, SOUTH - WEST OLTENIA, August 2019, Percentage, 5.3
Total, SOUTH - WEST OLTENIA, September 2019, Percentage, 5.3
Total, SOUTH - WEST OLTENIA, October 2019, Percentage, 5.2
Total, SOUTH - WEST OLTENIA, November 2019, Percentage, 5.2
Total, SOUTH - WEST OLTENIA, December 2019, Percentage, 5.2
Total, SOUTH - WEST OLTENIA, January 2020, Percentage, 5.2
Total, SOUTH - WEST OLTENIA, February 2020, Percentage, 5.1
Total, SOUTH - WEST OLTENIA, March 2020, Percentage, 5
Total, SOUTH - WEST OLTENIA, April 2020, Percentage, 5.1
Total, SOUTH - WEST OLTENIA, May 2020, Percentage, 5
Total, SOUTH - WEST OLTENIA, June 2020, Percentage, 5.3
Total, SOUTH - WEST OLTENIA, July 2020, Percentage, 5.6
Total, SOUTH - WEST OLTENIA, August 2020, Percentage, 5.4
Total, SOUTH - WEST OLTENIA, September 2020, Percentage, 5.4
Total, SOUTH - WEST OLTENIA, October 2020, Percentage, 5.3
Total, SOUTH - WEST OLTENIA, November 2020, Percentage, 5.5
Total, SOUTH - WEST OLTENIA, December 2020, Percentage, 5.5
Total, Dolj, January 2019, Percentage, 7.6
Total, Dolj, February 2019, Percentage, 7.6
Total, Dolj, March 2019, Percentage, 7.4
Total, Dolj, April 2019, Percentage, 7.1
Total, Dolj, May 2019, Percentage, 7
Total, Dolj, June 2019, Percentage, 6.9
Total, Dolj, July 2019, Percentage, 6.9
Total, Dolj, August 2019, Percentage, 6.9
Total, Dolj, September 2019, Percentage, 6.8
Total, Dolj, October 2019, Percentage, 6.7
Total, Dolj, November 2019, Percentage, 6.7
Total, Dolj, December 2019, Percentage, 6.7
Total, Dolj, January 2020, Percentage, 6.8
Total, Dolj, February 2020, Percentage, 6.8
Total, Dolj, March 2020, Percentage, 6.4
Total, Dolj, April 2020, Percentage, 6.8
Total, Dolj, May 2020, Percentage, 7
Total, Dolj, June 2020, Percentage, 7.1
Total, Dolj, July 2020, Percentage, 7.2
Total, Dolj, August 2020, Percentage, 6.6
Total, Dolj, September 2020, Percentage, 6.7
Total, Dolj, October 2020, Percentage, 6.6
Total, Dolj, November 2020, Percentage, 6.9
Total, Dolj, December 2020, Percentage, 7.1
Total, Gorj, January 2019, Percentage, 4.3
Total, Gorj, February 2019, Percentage, 4.3
Total, Gorj, March 2019, Percentage, 4
Total, Gorj, April 2019, Percentage, 3.8
Total, Gorj, May 2019, Percentage, 3.6
Total, Gorj, June 2019, Percentage, 3.5
Total, Gorj, July 2019, Percentage, 3.5
Total, Gorj, August 2019, Percentage, 3.5
Total, Gorj, September 2019, Percentage, 3.5
Total, Gorj, October 2019, Percentage, 3.5
Total, Gorj, November 2019, Percentage, 3.5
Total, Gorj, December 2019, Percentage, 3.5
Total, Gorj, January 2020, Percentage, 3.4
Total, Gorj, February 2020, Percentage, 3.2
Total, Gorj, March 2020, Percentage, 3.2
Total, Gorj, April 2020, Percentage, 3
Total, Gorj, May 2020, Percentage, 2.7
Total, Gorj, June 2020, Percentage, 3.2
Total, Gorj, July 2020, Percentage, 3.8
Total, Gorj, August 2020, Percentage, 3.9
Total, Gorj, September 2020, Percentage, 3.7
Total, Gorj, October 2020, Percentage, 3.8
Total, Gorj, November 2020, Percentage, 3.9
Total, Gorj, December 2020, Percentage, 3.8
Total, Mehedinti, January 2019, Percentage, 7.5
Total, Mehedinti, February 2019, Percentage, 7.5
Total, Mehedinti, March 2019, Percentage, 7.2
Total, Mehedinti, April 2019, Percentage, 6.9
Total, Mehedinti, May 2019, Percentage, 6.8
Total, Mehedinti, June 2019, Percentage, 6.8
Total, Mehedinti, July 2019, Percentage, 6.3
Total, Mehedinti, August 2019, Percentage, 6.8
Total, Mehedinti, September 2019, Percentage, 6.7
Total, Mehedinti, October 2019, Percentage, 6.5
Total, Mehedinti, November 2019, Percentage, 6.7
Total, Mehedinti, December 2019, Percentage, 6.8
Total, Mehedinti, January 2020, Percentage, 6.8
Total, Mehedinti, February 2020, Percentage, 6.9
Total, Mehedinti, March 2020, Percentage, 6.8
Total, Mehedinti, April 2020, Percentage, 6
Total, Mehedinti, May 2020, Percentage, 5.7
Total, Mehedinti, June 2020, Percentage, 6.2
Total, Mehedinti, July 2020, Percentage, 6.6
Total, Mehedinti, August 2020, Percentage, 6.4
Total, Mehedinti, September 2020, Percentage, 6.2
Total, Mehedinti, October 2020, Percentage, 6.1
Total, Mehedinti, November 2020, Percentage, 6.1
Total, Mehedinti, December 2020, Percentage, 6.4
Total, Olt, January 2019, Percentage, 6.2
Total, Olt, February 2019, Percentage, 6.2
Total, Olt, March 2019, Percentage, 5.8
Total, Olt, April 2019, Percentage, 5.4
Total, Olt, May 2019, Percentage, 5.3
Total, Olt, June 2019, Percentage, 5.4
Total, Olt, July 2019, Percentage, 5.4
Total, Olt, August 2019, Percentage, 5.4
Total, Olt, September 2019, Percentage, 5.4
Total, Olt, October 2019, Percentage, 5.4
Total, Olt, November 2019, Percentage, 5.4
Total, Olt, December 2019, Percentage, 5.5
Total, Olt, January 2020, Percentage, 5.4
Total, Olt, February 2020, Percentage, 5.3
Total, Olt, March 2020, Percentage, 5.2
Total, Olt, April 2020, Percentage, 5.3
Total, Olt, May 2020, Percentage, 5.1
Total, Olt, June 2020, Percentage, 5.4
Total, Olt, July 2020, Percentage, 5.8
Total, Olt, August 2020, Percentage, 5.9
Total, Olt, September 2020, Percentage, 5.9
Total, Olt, October 2020, Percentage, 5.8
Total, Olt, November 2020, Percentage, 5.8
Total, Olt, December 2020, Percentage, 5.9
Total, Valcea, January 2019, Percentage, 3.2
Total, Valcea, February 2019, Percentage, 3.3
Total, Valcea, March 2019, Percentage, 3
Total, Valcea, April 2019, Percentage, 2.9
Total, Valcea, May 2019, Percentage, 2.9
Total, Valcea, June 2019, Percentage, 3
Total, Valcea, July 2019, Percentage, 3.2
Total, Valcea, August 2019, Percentage, 3.3
Total, Valcea, September 2019, Percentage, 3.3
Total, Valcea, October 2019, Percentage, 3.3
Total, Valcea, November 2019, Percentage, 3.1
Total, Valcea, December 2019, Percentage, 2.8
Total, Valcea, January 2020, Percentage, 2.9
Total, Valcea, February 2020, Percentage, 2.8
Total, Valcea, March 2020, Percentage, 2.8
Total, Valcea, April 2020, Percentage, 3.1
Total, Valcea, May 2020, Percentage, 3.1
Total, Valcea, June 2020, Percentage, 3.3
Total, Valcea, July 2020, Percentage, 3.7
Total, Valcea, August 2020, Percentage, 3.8
Total, Valcea, September 2020, Percentage, 3.9
Total, Valcea, October 2020, Percentage, 3.7
Total, Valcea, November 2020, Percentage, 3.6
Total, Valcea, December 2020, Percentage, 3.6
Total, WEST, January 2019, Percentage, 1.9
Total, WEST, February 2019, Percentage, 1.8
Total, WEST, March 2019, Percentage, 1.8
Total, WEST, April 2019, Percentage, 1.7
Total, WEST, May 2019, Percentage, 1.6
Total, WEST, June 2019, Percentage, 1.7
Total, WEST, July 2019, Percentage, 1.8
Total, WEST, August 2019, Percentage, 1.8
Total, WEST, September 2019, Percentage, 1.8
Total, WEST, October 2019, Percentage, 1.7
Total, WEST, November 2019, Percentage, 1.7
Total, WEST, December 2019, Percentage, 1.7
Total, WEST, January 2020, Percentage, 1.7
Total, WEST, February 2020, Percentage, 1.6
Total, WEST, March 2020, Percentage, 1.6
Total, WEST, April 2020, Percentage, 1.7
Total, WEST, May 2020, Percentage, 1.8
Total, WEST, June 2020, Percentage, 1.9
Total, WEST, July 2020, Percentage, 2.2
Total, WEST, August 2020, Percentage, 2.3
Total, WEST, September 2020, Percentage, 2.2
Total, WEST, October 2020, Percentage, 2.2
Total, WEST, November 2020, Percentage, 2.2
Total, WEST, December 2020, Percentage, 2.2
Total, Arad, January 2019, Percentage, 1.4
Total, Arad, February 2019, Percentage, 1.4
Total, Arad, March 2019, Percentage, 1.3
Total, Arad, April 2019, Percentage, 1.2
Total, Arad, May 2019, Percentage, 1.1
Total, Arad, June 2019, Percentage, 1.3
Total, Arad, July 2019, Percentage, 1.5
Total, Arad, August 2019, Percentage, 1.5
Total, Arad, September 2019, Percentage, 1.5
Total, Arad, October 2019, Percentage, 1.5
Total, Arad, November 2019, Percentage, 1.5
Total, Arad, December 2019, Percentage, 1.2
Total, Arad, January 2020, Percentage, 1.1
Total, Arad, February 2020, Percentage, 1
Total, Arad, March 2020, Percentage, 1.1
Total, Arad, April 2020, Percentage, 1.2
Total, Arad, May 2020, Percentage, 1.3
Total, Arad, June 2020, Percentage, 1.6
Total, Arad, July 2020, Percentage, 2.2
Total, Arad, August 2020, Percentage, 2.3
Total, Arad, September 2020, Percentage, 2.3
Total, Arad, October 2020, Percentage, 2.2
Total, Arad, November 2020, Percentage, 2.2
Total, Arad, December 2020, Percentage, 2.2
Total, Caras-Severin, January 2019, Percentage, 3.3
Total, Caras-Severin, February 2019, Percentage, 3.3
Total, Caras-Severin, March 2019, Percentage, 3.3
Total, Caras-Severin, April 2019, Percentage, 3
Total, Caras-Severin, May 2019, Percentage, 2.9
Total, Caras-Severin, June 2019, Percentage, 2.9
Total, Caras-Severin, July 2019, Percentage, 3.1
Total, Caras-Severin, August 2019, Percentage, 3.2
Total, Caras-Severin, September 2019, Percentage, 3.2
Total, Caras-Severin, October 2019, Percentage, 3.2
Total, Caras-Severin, November 2019, Percentage, 3.2
Total, Caras-Severin, December 2019, Percentage, 3.1
Total, Caras-Severin, January 2020, Percentage, 3.1
Total, Caras-Severin, February 2020, Percentage, 3.1
Total, Caras-Severin, March 2020, Percentage, 3
Total, Caras-Severin, April 2020, Percentage, 2.8
Total, Caras-Severin, May 2020, Percentage, 2.9
Total, Caras-Severin, June 2020, Percentage, 3.1
Total, Caras-Severin, July 2020, Percentage, 3.6
Total, Caras-Severin, August 2020, Percentage, 3.7
Total, Caras-Severin, September 2020, Percentage, 3.5
Total, Caras-Severin, October 2020, Percentage, 3.4
Total, Caras-Severin, November 2020, Percentage, 3.5
Total, Caras-Severin, December 2020, Percentage, 3.4
Total, Hunedoara, January 2019, Percentage, 3.7
Total, Hunedoara, February 2019, Percentage, 3.7
Total, Hunedoara, March 2019, Percentage, 3.6
Total, Hunedoara, April 2019, Percentage, 3.4
Total, Hunedoara, May 2019, Percentage, 3.4
Total, Hunedoara, June 2019, Percentage, 3.3
Total, Hunedoara, July 2019, Percentage, 3.4
Total, Hunedoara, August 2019, Percentage, 3.3
Total, Hunedoara, September 2019, Percentage, 3
Total, Hunedoara, October 2019, Percentage, 2.9
Total, Hunedoara, November 2019, Percentage, 3
Total, Hunedoara, December 2019, Percentage, 3
Total, Hunedoara, January 2020, Percentage, 3.2
Total, Hunedoara, February 2020, Percentage, 3.2
Total, Hunedoara, March 2020, Percentage, 3.4
Total, Hunedoara, April 2020, Percentage, 3.6
Total, Hunedoara, May 2020, Percentage, 3.8
Total, Hunedoara, June 2020, Percentage, 3.7
Total, Hunedoara, July 2020, Percentage, 3.8
Total, Hunedoara, August 2020, Percentage, 3.7
Total, Hunedoara, September 2020, Percentage, 3.5
Total, Hunedoara, October 2020, Percentage, 3.5
Total, Hunedoara, November 2020, Percentage, 3.5
Total, Hunedoara, December 2020, Percentage, 3.4
Total, Timis, January 2019, Percentage, .8
Total, Timis, February 2019, Percentage, .8
Total, Timis, March 2019, Percentage, .7
Total, Timis, April 2019, Percentage, .7
Total, Timis, May 2019, Percentage, .8
Total, Timis, June 2019, Percentage, .8
Total, Timis, July 2019, Percentage, .8
Total, Timis, August 2019, Percentage, .9
Total, Timis, September 2019, Percentage, .9
Total, Timis, October 2019, Percentage, .8
Total, Timis, November 2019, Percentage, .8
Total, Timis, December 2019, Percentage, .8
Total, Timis, January 2020, Percentage, .8
Total, Timis, February 2020, Percentage, .8
Total, Timis, March 2020, Percentage, .7
Total, Timis, April 2020, Percentage, .8
Total, Timis, May 2020, Percentage, .8
Total, Timis, June 2020, Percentage, .9
Total, Timis, July 2020, Percentage, 1.1
Total, Timis, August 2020, Percentage, 1.2
Total, Timis, September 2020, Percentage, 1.2
Total, Timis, October 2020, Percentage, 1.2
Total, Timis, November 2020, Percentage, 1.2
Total, Timis, December 2020, Percentage, 1.3
